{
	"credit": "Made with Blockbench",
	"texture_size": [64, 32],
	"textures": {
		"0": "mcme:block/red_cloth_prep_top",
		"particle": "mcme:block/red_cloth_prep_top"
	},
	"elements": [
		{
			"from": [7.9, -1, 0],
			"to": [16.75, 0, 16],
			"rotation": {"angle": -45, "axis": "z", "origin": [16, 0, 8]},
			"faces": {
				"north": {"uv": [0, 0, 2, 0.5], "texture": "#0"},
				"east": {"uv": [0, 0, 4, 0.5], "texture": "#0"},
				"south": {"uv": [0, 0, 2, 0.5], "texture": "#0"},
				"west": {"uv": [0, 0, 4, 0.5], "texture": "#0"},
				"up": {"uv": [6.75, 0.5, 10.75, 4.5], "rotation": 90, "texture": "#0"},
				"down": {"uv": [1.25, 2, 5.25, 6], "rotation": 90, "texture": "#0"}
			}
		},
		{
			"from": [-0.85, -1, 0],
			"to": [8, 0, 16],
			"rotation": {"angle": 45, "axis": "z", "origin": [0, 0, 8]},
			"faces": {
				"north": {"uv": [2.5, 0, 4.5, 0.5], "texture": "#0"},
				"east": {"uv": [4, 0, 8, 0.5], "texture": "#0"},
				"south": {"uv": [2.5, 0, 4.5, 0.5], "texture": "#0"},
				"west": {"uv": [4, 0, 8, 0.5], "texture": "#0"},
				"up": {"uv": [1, 1.5, 5, 5.5], "rotation": 90, "texture": "#0"},
				"down": {"uv": [6.75, 10.5, 10.75, 14.5], "rotation": 90, "texture": "#0"}
			}
		},
		{
			"from": [6.5, 4, 0],
			"to": [9.5, 7, 16],
			"rotation": {"angle": 0, "axis": "y", "origin": [15, -16, 0]},
			"faces": {
				"north": {"uv": [13.5, 2.5, 14.25, 4], "texture": "#0"},
				"east": {"uv": [13, 7, 13.75, 15], "rotation": 90, "texture": "#0"},
				"south": {"uv": [12.5, 2.5, 13.25, 4], "texture": "#0"},
				"west": {"uv": [12.5, 7, 13.25, 15], "rotation": 90, "texture": "#0"},
				"up": {"uv": [13.5, 7, 14.25, 15], "texture": "#0"},
				"down": {"uv": [14.5, 7, 15.25, 15], "texture": "#0"}
			}
		},
		{
			"from": [6, 3.5, 1],
			"to": [10, 7.5, 3],
			"faces": {
				"north": {"uv": [14.5, 7.5, 15.5, 8.5], "texture": "#0"},
				"east": {"uv": [14.25, 10.5, 15.25, 11.5], "rotation": 90, "texture": "#0"},
				"south": {"uv": [13.25, 7.5, 14.25, 8.5], "texture": "#0"},
				"west": {"uv": [12.5, 7.5, 13.5, 8.5], "rotation": 90, "texture": "#0"},
				"up": {"uv": [14, 7.5, 15, 8.5], "texture": "#0"},
				"down": {"uv": [13.25, 7.5, 14.25, 8.5], "texture": "#0"}
			}
		},
		{
			"from": [6, 3.5, 7],
			"to": [10, 7.5, 9],
			"faces": {
				"north": {"uv": [14.5, 7.5, 15.5, 8.5], "texture": "#0"},
				"east": {"uv": [14.25, 10.5, 15.25, 11.5], "rotation": 90, "texture": "#0"},
				"south": {"uv": [13.25, 7.5, 14.25, 8.5], "texture": "#0"},
				"west": {"uv": [12.5, 7.5, 13.5, 8.5], "rotation": 90, "texture": "#0"},
				"up": {"uv": [14, 7.5, 15, 8.5], "texture": "#0"},
				"down": {"uv": [13.25, 7.5, 14.25, 8.5], "texture": "#0"}
			}
		},
		{
			"from": [6, 3.5, 13],
			"to": [10, 7.5, 15],
			"faces": {
				"north": {"uv": [14.5, 7.5, 15.5, 8.5], "texture": "#0"},
				"east": {"uv": [14.25, 10.5, 15.25, 11.5], "rotation": 90, "texture": "#0"},
				"south": {"uv": [13.25, 7.5, 14.25, 8.5], "texture": "#0"},
				"west": {"uv": [12.5, 7.5, 13.5, 8.5], "rotation": 90, "texture": "#0"},
				"up": {"uv": [14, 7.5, 15, 8.5], "texture": "#0"},
				"down": {"uv": [13.25, 7.5, 14.25, 8.5], "texture": "#0"}
			}
		}
	],
	"groups": [
		{
			"name": "group",
			"origin": [0, 16, 8],
			"color": 0,
			"children": [0]
		},
		{
			"name": "group",
			"origin": [16, 16, 8],
			"color": 0,
			"children": [1]
		},
		2,
		3,
		4,
		5
	]
}