{
    "variants": {
        "": [
            {
                "model": "block/acacia_planks"
            },
            {
                "model": "block/acacia_planks_2"
            },
            {
                "model": "block/acacia_planks_3"
            },
            {
                "model": "block/acacia_planks_4"
            },
            {
                "model": "block/acacia_planks_5"
            },
            {
                "model": "block/acacia_planks_6"
            }
        ]
    }
}