{
    "variants": {
        "": [
            {
                "model": "block/double_slab_planks_acacia"
            },
            {
                "model": "block/double_slab_planks_acacia_1"
            },
            {
                "model": "block/double_slab_planks_acacia_2"
            },
            {
                "model": "block/double_slab_planks_acacia_3"
            },
            {
                "model": "block/double_slab_planks_acacia_4"
            },
            {
                "model": "block/double_slab_planks_acacia_5"
            }
        ]
    }
}