{
    "variants": {
        "facing=north,half=bottom,open=false,powered=false": {
            "model": "block/trapdoor_cobblestone_bottom"
        },
        "facing=south,half=bottom,open=false,powered=false": {
            "model": "block/trapdoor_mixed_cobblestone_bottom"
        },
        "facing=east,half=bottom,open=false,powered=false": {
            "model": "block/trapdoor_mossy_cobblestone_bottom"
        },
        "facing=west,half=bottom,open=false,powered=false": {
            "model": "block/trapdoor_dark_cobblestone_bottom"
        },
        "facing=north,half=top,open=false,powered=false": {
            "model": "block/trapdoor_cobblestone_top"
        },
        "facing=south,half=top,open=false,powered=false": {
            "model": "block/trapdoor_mixed_cobblestone_top"
        },
        "facing=east,half=top,open=false,powered=false": {
            "model": "block/trapdoor_mossy_cobblestone_top"
        },
        "facing=west,half=top,open=false,powered=false": {
            "model": "block/trapdoor_dark_cobblestone_top"
        },
        "facing=north,half=bottom,open=true,powered=false": {
            "model": "block/trapdoor_cobblestone_open"
        },
        "facing=south,half=bottom,open=true,powered=false": {
            "model": "block/trapdoor_cobblestone_open",
            "y": 180
        },
        "facing=east,half=bottom,open=true,powered=false": {
            "model": "block/trapdoor_cobblestone_open",
            "y": 90
        },
        "facing=west,half=bottom,open=true,powered=false": {
            "model": "block/trapdoor_cobblestone_open",
            "y": 270
        },
        "facing=north,half=top,open=true,powered=false": {
            "model": "block/trapdoor_mixed_cobblestone_open"
        },
        "facing=south,half=top,open=true,powered=false": {
            "model": "block/trapdoor_mixed_cobblestone_open",
            "y": 180
        },
        "facing=east,half=top,open=true,powered=false": {
            "model": "block/trapdoor_mixed_cobblestone_open",
            "y": 90
        },
        "facing=west,half=top,open=true,powered=false": {
            "model": "block/trapdoor_mixed_cobblestone_open",
            "y": 270
        },
        "facing=north,half=bottom,open=false,powered=true": {
            "model": "block/replace_thin_slab"
        },
        "facing=south,half=bottom,open=false,powered=true": {
            "model": "block/replace_thin_slab"
        },
        "facing=east,half=bottom,open=false,powered=true": {
            "model": "block/replace_thin_slab"
        },
        "facing=west,half=bottom,open=false,powered=true": {
            "model": "block/replace_thin_slab"
        },
        "facing=north,half=top,open=false,powered=true": [
            {
                "model": "mcme:block/wooden_catwalk_wide",
                "y": 90
            },
            {
                "model": "mcme:block/wooden_catwalk_wide_2",
                "y": 90
            }
        ],
        "facing=south,half=top,open=false,powered=true": [
            {
                "model": "mcme:block/wooden_catwalk_wide",
                "y": 180
            },
            {
                "model": "mcme:block/wooden_catwalk_wide_2",
                "y": 180
            }
        ],
        "facing=east,half=top,open=false,powered=true": [
            {
                "model": "mcme:block/wooden_catwalk_wide"
            },
            {
                "model": "mcme:block/wooden_catwalk_wide_2"
            }
        ],
        "facing=west,half=top,open=false,powered=true": [
            {
                "model": "mcme:block/wooden_catwalk_wide",
                "y": 270
            },
            {
                "model": "mcme:block/wooden_catwalk_wide_2",
                "y": 270
            }
        ],
        "facing=north,half=bottom,open=true,powered=true": {
            "model": "block/trapdoor_mossy_cobblestone_open"
        },
        "facing=south,half=bottom,open=true,powered=true": {
            "model": "block/trapdoor_mossy_cobblestone_open",
            "y": 180
        },
        "facing=east,half=bottom,open=true,powered=true": {
            "model": "block/trapdoor_mossy_cobblestone_open",
            "y": 90
        },
        "facing=west,half=bottom,open=true,powered=true": {
            "model": "block/trapdoor_mossy_cobblestone_open",
            "y": 270
        },
        "facing=north,half=top,open=true,powered=true": {
            "model": "block/trapdoor_dark_cobblestone_open"
        },
        "facing=south,half=top,open=true,powered=true": {
            "model": "block/trapdoor_dark_cobblestone_open",
            "y": 180
        },
        "facing=east,half=top,open=true,powered=true": {
            "model": "block/trapdoor_dark_cobblestone_open",
            "y": 90
        },
        "facing=west,half=top,open=true,powered=true": {
            "model": "block/trapdoor_dark_cobblestone_open",
            "y": 270
        }
    }
}