{
  "variants": {
    "north=false,east=false,south=false,west=false": [
	{ "model": "block/tree_thin_oak_vertical" },
	{ "model": "block/tree_thin_oak_vertical", "y":90 },
	{ "model": "block/tree_thin_oak_vertical", "y":180 },
	{ "model": "block/tree_thin_oak_vertical", "y":270 }
	],
    "north=false,east=false,south=false,west=true": { "model": "block/bamboo_mosaic_offset", "y":270 },
    "north=false,east=false,south=true,west=false": { "model": "block/bamboo_mosaic_offset", "y":180 },
    "north=false,east=false,south=true,west=true": { "model": "block/dark_oak_planks_offset", "y":270 },
    "north=false,east=true,south=false,west=false": { "model": "block/bamboo_mosaic_offset", "y":90 },
    "north=false,east=true,south=false,west=true": { "model": "block/tree_thin_oak_horizontal", "y":90 },
    "north=false,east=true,south=true,west=false": { "model": "block/dark_oak_planks_offset", "y":180 },
    "north=false,east=true,south=true,west=true": [
	{ "model": "block/beam_bones", "y":180 },
	{ "model": "mcme:block/beam_bones_2", "y": 180 }
	],
    "north=true,east=false,south=false,west=false": { "model": "block/bamboo_mosaic_offset" },
    "north=true,east=false,south=false,west=true": { "model": "block/dark_oak_planks_offset" },
    "north=true,east=false,south=true,west=true": { "model": "block/replace", "y": 90 },
    "north=true,east=false,south=true,west=false": { "model": "block/tree_thin_oak_horizontal" },
    "north=true,east=true,south=false,west=false": { "model": "block/dark_oak_planks_offset", "y":90 },
    "north=true,east=true,south=false,west=true": { "model": "block/replace", "y":180 },
    "north=true,east=true,south=true,west=false": { "model": "block/replace", "y":270 },
    "north=true,east=true,south=true,west=true": { "model": "block/replace" }
  }
}
