{
    "variants": {
        "powered=false,shape=north_south": {
            "model": "block/activator_rail"
        },
        "powered=false,shape=east_west": {
            "model": "block/activator_rail",
            "y": 90
        },
        "powered=false,shape=ascending_east": {
            "model": "block/activator_rail_diagonal"
        },
        "powered=false,shape=ascending_west": {
            "model": "block/activator_rail_diagonal",
            "y": 90
        },
        "powered=false,shape=ascending_north": [
            {
                "model": "block/rope_corner"
            },
            {
                "model": "block/rope_corner_2"
            }
        ],
        "powered=false,shape=ascending_south": [
            {
                "model": "block/rope_corner",
                "y": 180
            },
            {
                "model": "block/rope_corner_2",
                "y": 180
            }
        ],
        "powered=true,shape=north_south": {
            "model": "block/activator_rail",
            "y": 180
        },
        "powered=true,shape=east_west": {
            "model": "block/activator_rail",
            "y": 270
        },
        "powered=true,shape=ascending_east": {
            "model": "block/activator_rail_diagonal",
            "y": 180
        },
        "powered=true,shape=ascending_west": {
            "model": "block/activator_rail_diagonal",
            "y": 270
        },
        "powered=true,shape=ascending_north": [
            {
                "model": "block/rope_corner",
                "y": 90
            },
            {
                "model": "block/rope_corner_2",
                "y": 90
            }
        ],
        "powered=true,shape=ascending_south": [
            {
                "model": "block/rope_corner",
                "y": 270
            },
            {
                "model": "block/rope_corner_2",
                "y": 270
            }
        ]
    }
}