{
    "variants": {
        "facing=down": {
            "model": "minecraft:block/unused_cross_cutout",
            "x": 180
        },
        "facing=east": {
            "model": "minecraft:block/unused_cross_cutout",
            "x": 90,
            "y": 90
        },
        "facing=north": {
            "model": "minecraft:block/unused_cross_cutout",
            "x": 90
        },
        "facing=south": {
            "model": "minecraft:block/unused_cross_cutout",
            "x": 90,
            "y": 180
        },
        "facing=up": {
            "model": "minecraft:block/unused_cross_cutout"
        },
        "facing=west": {
            "model": "minecraft:block/unused_cross_cutout",
            "x": 90,
            "y": 270
        }
    }
}