{
    "variants": {
        "": [
            {
                "model": "block/ancient_debris"
            },
            {
                "model": "block/ancient_debris_2"
            },
            {
                "model": "block/ancient_debris_3"
            },
            {
                "model": "block/ancient_debris_4"
            },
            {
                "model": "block/ancient_debris_5"
            },
            {
                "model": "block/ancient_debris_6"
            }
        ]
    }
}