{
    "multipart": [
        {
            "apply": {
                "model": "minecraft:block/replace_wall"
            },
            "when": {
                "up": "true"
            }
        },
        {
            "apply": {
                "model": "minecraft:block/replace_wall",
                "uvlock": true
            },
            "when": {
                "north": "low"
            }
        },
        {
            "apply": {
                "model": "minecraft:block/replace_wall",
                "uvlock": true,
                "y": 90
            },
            "when": {
                "east": "low"
            }
        },
        {
            "apply": {
                "model": "minecraft:block/replace_wall",
                "uvlock": true,
                "y": 180
            },
            "when": {
                "south": "low"
            }
        },
        {
            "apply": {
                "model": "minecraft:block/replace_wall",
                "uvlock": true,
                "y": 270
            },
            "when": {
                "west": "low"
            }
        },
        {
            "apply": {
                "model": "minecraft:block/replace_wall",
                "uvlock": true
            },
            "when": {
                "north": "tall"
            }
        },
        {
            "apply": {
                "model": "minecraft:block/replace_wall",
                "uvlock": true,
                "y": 90
            },
            "when": {
                "east": "tall"
            }
        },
        {
            "apply": {
                "model": "minecraft:block/replace_wall",
                "uvlock": true,
                "y": 180
            },
            "when": {
                "south": "tall"
            }
        },
        {
            "apply": {
                "model": "minecraft:block/replace_wall",
                "uvlock": true,
                "y": 270
            },
            "when": {
                "west": "tall"
            }
        }
    ]
}