{
  "variants": {
    "facing=north": [
	{ "model": "block/cooking_pot_small" },
	{ "model": "block/cooking_pot_small", "y":90 },
	{ "model": "block/cooking_pot_small_2"},
	{ "model": "block/cooking_pot_small_2", "y":90 }
	],
    "facing=east": [
	{ "model": "block/cooking_pot_hanging" },
	{ "model": "block/cooking_pot_hanging_2"}
	],
    "facing=south": [
		{ "model": "block/cooking_pot_hanging", "y":90 },
		{ "model": "block/cooking_pot_hanging_2", "y":90 }
	],
    "facing=west": { "model": "block/unused_cross_0" }
  }
}
