{
  "variants": {
    "powered=false,facing=north,in_wall=false,open=false": { "model": "mcme:block/spike_corbel_top", "y":90 },
    "powered=false,facing=east,in_wall=false,open=false": { "model": "mcme:block/spike_corbel_top", "y": 180 },
    "powered=false,facing=south,in_wall=false,open=false": { "model": "mcme:block/spike_corbel_top", "y": 270 },
    "powered=false,facing=west,in_wall=false,open=false": { "model": "mcme:block/spike_corbel_top" },
    "powered=false,facing=south,in_wall=false,open=true": { "model": "mcme:block/spike_corbel_extension", "y":270 },
    "powered=false,facing=west,in_wall=false,open=true": { "model": "mcme:block/spike_corbel_extension" },
    "powered=false,facing=north,in_wall=false,open=true": { "model": "mcme:block/spike_corbel_extension", "y": 90 },
    "powered=false,facing=east,in_wall=false,open=true": { "model": "mcme:block/spike_corbel_extension", "y": 180 },
    "powered=false,facing=south,in_wall=true,open=false": { "model": "block/vertical_slab_basalt" },
    "powered=false,facing=west,in_wall=true,open=false": { "model": "block/vertical_slab_basalt", "y": 90 },
    "powered=false,facing=north,in_wall=true,open=false": { "model": "block/vertical_slab_basalt", "y": 180 },
    "powered=false,facing=east,in_wall=true,open=false": { "model": "block/vertical_slab_basalt", "y": 270 },
    "powered=false,facing=south,in_wall=true,open=true": 
	{ "model": "block/vertical_slab_polished_basalt" },
    "powered=false,facing=west,in_wall=true,open=true": 
	{ "model": "block/vertical_slab_polished_basalt", "y": 90 },
    "powered=false,facing=north,in_wall=true,open=true": 
	{ "model": "block/vertical_slab_polished_basalt", "y": 180 },
    "powered=false,facing=east,in_wall=true,open=true": 
	{ "model": "block/vertical_slab_polished_basalt", "y": 270 },
    "powered=true,facing=south,in_wall=false,open=false":  { "model": "mcme:block/spike_corbel", "y":270 },
    "powered=true,facing=west,in_wall=false,open=false":  { "model": "mcme:block/spike_corbel" },
    "powered=true,facing=north,in_wall=false,open=false":  { "model": "mcme:block/spike_corbel", "y": 90 },
    "powered=true,facing=east,in_wall=false,open=false":  { "model": "mcme:block/spike_corbel", "y": 180 },
    "powered=true,facing=south,in_wall=false,open=true": { "model": "block/vertical_slab_stripped_warped_hyphae" },
    "powered=true,facing=west,in_wall=false,open=true": { "model": "block/vertical_slab_stripped_warped_hyphae", "y": 90 },
    "powered=true,facing=north,in_wall=false,open=true": { "model": "block/vertical_slab_stripped_warped_hyphae", "y": 180 },
    "powered=true,facing=east,in_wall=false,open=true": { "model": "block/vertical_slab_stripped_warped_hyphae", "y": 270 },
    "powered=true,facing=south,in_wall=true,open=false": { "model": "block/vertical_slab_stripped_warped_stem" },
    "powered=true,facing=west,in_wall=true,open=false": { "model": "block/vertical_slab_stripped_warped_stem", "y": 90 },
    "powered=true,facing=north,in_wall=true,open=false": { "model": "block/vertical_slab_stripped_warped_stem", "y": 180 },
    "powered=true,facing=east,in_wall=true,open=false": { "model": "block/vertical_slab_stripped_warped_stem", "y": 270 },
    "powered=true,facing=south,in_wall=true,open=true": { "model": "block/vertical_slab_warped_stem" },
    "powered=true,facing=west,in_wall=true,open=true": { "model": "block/vertical_slab_warped_stem", "y": 90 },
    "powered=true,facing=north,in_wall=true,open=true": { "model": "block/vertical_slab_warped_stem", "y": 180 },
    "powered=true,facing=east,in_wall=true,open=true": { "model": "block/vertical_slab_warped_stem", "y": 270 }
  }
}