{
    "variants": {
        "facing=east,half=bottom,open=false": {
            "model": "minecraft:block/replace_thin_slab",
            "y": 90
        },
        "facing=east,half=bottom,open=true": {
            "model": "minecraft:block/replace_thin_slab",
            "x": 90,
            "y": 90
        },
        "facing=east,half=top,open=false": {
            "model": "minecraft:block/replace_thin_slab",
            "x": 180,
            "y": 90
        },
        "facing=east,half=top,open=true": {
            "model": "minecraft:block/replace_thin_slab",
            "x": 90,
            "y": 90
        },
        "facing=north,half=bottom,open=false": {
            "model": "minecraft:block/replace_thin_slab"
        },
        "facing=north,half=bottom,open=true": {
            "model": "minecraft:block/replace_thin_slab",
            "x": 90
        },
        "facing=north,half=top,open=false": {
            "model": "minecraft:block/replace_thin_slab",
            "x": 180
        },
        "facing=north,half=top,open=true": {
            "model": "minecraft:block/replace_thin_slab",
            "x": 90
        },
        "facing=south,half=bottom,open=false": {
            "model": "minecraft:block/replace_thin_slab",
            "y": 180
        },
        "facing=south,half=bottom,open=true": {
            "model": "minecraft:block/replace_thin_slab",
            "x": 90,
            "y": 180
        },
        "facing=south,half=top,open=false": {
            "model": "minecraft:block/replace_thin_slab",
            "x": 180,
            "y": 180
        },
        "facing=south,half=top,open=true": {
            "model": "minecraft:block/replace_thin_slab",
            "x": 90,
            "y": 180
        },
        "facing=west,half=bottom,open=false": {
            "model": "minecraft:block/replace_thin_slab",
            "y": 270
        },
        "facing=west,half=bottom,open=true": {
            "model": "minecraft:block/replace_thin_slab",
            "x": 90,
            "y": 270
        },
        "facing=west,half=top,open=false": {
            "model": "minecraft:block/replace_thin_slab",
            "x": 180,
            "y": 270
        },
        "facing=west,half=top,open=true": {
            "model": "minecraft:block/replace_thin_slab",
            "x": 90,
            "y": 270
        }
    }
}