{
    "variants": {
        "facing=north,part=foot": {
            "model": "block/bed_green_foot",
            "y": 180
        },
        "facing=east,part=foot": {
            "model": "block/bed_green_foot",
            "y": 270
        },
        "facing=south,part=foot": {
            "model": "block/bed_green_foot"
        },
        "facing=west,part=foot": {
            "model": "block/bed_green_foot",
            "y": 90
        },
        "facing=north,part=head": {
            "model": "block/bed_green_head",
            "y": 180
        },
        "facing=east,part=head": {
            "model": "block/bed_green_head",
            "y": 270
        },
        "facing=south,part=head": {
            "model": "block/bed_green_head"
        },
        "facing=west,part=head": {
            "model": "block/bed_green_head",
            "y": 90
        }
    }
}