{
    "variants": {
        "facing=east,honey_level=0": {
            "model": "minecraft:block/replace_tile_entity",
            "y": 90
        },
        "facing=east,honey_level=1": {
            "model": "minecraft:block/replace_tile_entity",
            "y": 90
        },
        "facing=east,honey_level=2": {
            "model": "minecraft:block/replace_tile_entity",
            "y": 90
        },
        "facing=east,honey_level=3": {
            "model": "minecraft:block/replace_tile_entity",
            "y": 90
        },
        "facing=east,honey_level=4": {
            "model": "minecraft:block/replace_tile_entity",
            "y": 90
        },
        "facing=east,honey_level=5": {
            "model": "minecraft:block/replace_tile_entity",
            "y": 90
        },
        "facing=north,honey_level=0": {
            "model": "minecraft:block/replace_tile_entity"
        },
        "facing=north,honey_level=1": {
            "model": "minecraft:block/replace_tile_entity"
        },
        "facing=north,honey_level=2": {
            "model": "minecraft:block/replace_tile_entity"
        },
        "facing=north,honey_level=3": {
            "model": "minecraft:block/replace_tile_entity"
        },
        "facing=north,honey_level=4": {
            "model": "minecraft:block/replace_tile_entity"
        },
        "facing=north,honey_level=5": {
            "model": "minecraft:block/replace_tile_entity"
        },
        "facing=south,honey_level=0": {
            "model": "minecraft:block/replace_tile_entity",
            "y": 180
        },
        "facing=south,honey_level=1": {
            "model": "minecraft:block/replace_tile_entity",
            "y": 180
        },
        "facing=south,honey_level=2": {
            "model": "minecraft:block/replace_tile_entity",
            "y": 180
        },
        "facing=south,honey_level=3": {
            "model": "minecraft:block/replace_tile_entity",
            "y": 180
        },
        "facing=south,honey_level=4": {
            "model": "minecraft:block/replace_tile_entity",
            "y": 180
        },
        "facing=south,honey_level=5": {
            "model": "minecraft:block/replace_tile_entity",
            "y": 180
        },
        "facing=west,honey_level=0": {
            "model": "minecraft:block/replace_tile_entity",
            "y": 270
        },
        "facing=west,honey_level=1": {
            "model": "minecraft:block/replace_tile_entity",
            "y": 270
        },
        "facing=west,honey_level=2": {
            "model": "minecraft:block/replace_tile_entity",
            "y": 270
        },
        "facing=west,honey_level=3": {
            "model": "minecraft:block/replace_tile_entity",
            "y": 270
        },
        "facing=west,honey_level=4": {
            "model": "minecraft:block/replace_tile_entity",
            "y": 270
        },
        "facing=west,honey_level=5": {
            "model": "minecraft:block/replace_tile_entity",
            "y": 270
        }
    }
}