
{
  "variants": {
    "facing=north,powered=false,attachment=floor": { "model": "block/bell_0" },
    "facing=north,powered=false,attachment=ceiling": { "model": "block/bell_0", "x": 180 },
    "facing=north,powered=false,attachment=single_wall": { "model": "block/bell_1", "y":270 },
    "facing=north,powered=false,attachment=double_wall": { "model": "block/replace_tile_entity" },
    "facing=north,powered=true,attachment=floor": { "model": "block/replace_tile_entity" },
    "facing=north,powered=true,attachment=ceiling": { "model": "block/replace_tile_entity" },
    "facing=north,powered=true,attachment=single_wall": { "model": "block/replace_tile_entity" },
    "facing=north,powered=true,attachment=double_wall": { "model": "block/replace_tile_entity" },
    "facing=east,powered=false,attachment=floor": { "model": "block/bell_0", "y": 90 },
    "facing=east,powered=false,attachment=ceiling": { "model": "block/bell_0", "x": 180, "y": 90 },
    "facing=east,powered=false,attachment=single_wall": { "model": "block/bell_1" },
    "facing=east,powered=false,attachment=double_wall": { "model": "block/replace_tile_entity" },
    "facing=east,powered=true,attachment=floor": { "model": "block/replace_tile_entity" },
    "facing=east,powered=true,attachment=ceiling": { "model": "block/replace_tile_entity" },
    "facing=east,powered=true,attachment=single_wall": { "model": "block/replace_tile_entity" },
    "facing=east,powered=true,attachment=double_wall": { "model": "block/replace_tile_entity" },
    "facing=south,powered=false,attachment=floor": { "model": "block/replace_tile_entity" },
    "facing=south,powered=false,attachment=ceiling": { "model": "block/replace_tile_entity" },
    "facing=south,powered=false,attachment=single_wall": { "model": "block/bell_1", "y":90 },
    "facing=south,powered=false,attachment=double_wall": { "model": "block/replace_tile_entity" },
    "facing=south,powered=true,attachment=floor": { "model": "block/replace_tile_entity" },
    "facing=south,powered=true,attachment=ceiling": { "model": "block/replace_tile_entity" },
    "facing=south,powered=true,attachment=single_wall": { "model": "block/replace_tile_entity" },
    "facing=south,powered=true,attachment=double_wall": { "model": "block/replace_tile_entity" },
    "facing=west,powered=false,attachment=floor": { "model": "block/replace_tile_entity" },
    "facing=west,powered=false,attachment=ceiling": { "model": "block/replace_tile_entity" },
    "facing=west,powered=false,attachment=single_wall": { "model": "block/bell_1", "y":180 },
    "facing=west,powered=false,attachment=double_wall": { "model": "block/replace_tile_entity" },
    "facing=west,powered=true,attachment=floor": { "model": "block/replace_tile_entity" },
    "facing=west,powered=true,attachment=ceiling": { "model": "block/replace_tile_entity" },
    "facing=west,powered=true,attachment=single_wall": { "model": "block/replace_tile_entity" },
    "facing=west,powered=true,attachment=double_wall": { "model": "block/replace_tile_entity" }
  }
}