{
    "variants": {
        "distance=1,persistent=false": {
            "model": "block/birch_leaves_pillar_thick"
        },
        "distance=2,persistent=false": [
	{ "model": "block/bellows" },
	{ "model": "block/bellows_2" }
	],
        "distance=3,persistent=false": [
	{ "model": "block/bellows", "y":90 },
	{ "model": "block/bellows_2", "y":90 }
	],
        "distance=4,persistent=false": [
	{ "model": "block/bellows", "y":180 },
	{ "model": "block/bellows_2", "y":180 }
	],
        "distance=5,persistent=false": [
	{ "model": "block/bellows", "y":270 },
	{ "model": "block/bellows_2", "y":270 }
	],
        "distance=6,persistent=false": {
            "model": "minecraft:block/replace_cutout",
            "y": 180
        },
        "distance=7,persistent=false": {
            "model": "minecraft:block/replace_cutout"
        },
        "distance=6,persistent=true": {
            "model": "block/birch_leaves_pillar_thick_bottom"
        },
        "distance=7,persistent=true": {
            "model": "minecraft:block/replace_cutout",
            "y": 270
        },
        "distance=2,persistent=true": [
		{  "model": "block/barrel_water_full_item"  },
		{  "model": "block/barrel_water_half_item"  }],
        "distance=3,persistent=true": {
            "model": "block/replace_cutout"
        },
        "distance=4,persistent=true": {
            "model": "minecraft:block/replace_cutout",
            "y": 90
        },
        "distance=5,persistent=true": {
            "model": "minecraft:block/replace_cutout"
        }
    }
}