{
    "variants": {
        "type=bottom": [
            {
                "model": "block/birch_slab"
            },
            {
                "model": "block/birch_slab_2"
            },
            {
                "model": "block/birch_slab_3"
            },
            {
                "model": "block/birch_slab_4"
            },
            {
                "model": "block/birch_slab_5"
            }
        ],
        "type=top": [
			{ "model": "block/birch_slab_top" },
			{ "model": "block/birch_slab_top_2" },
			{ "model": "block/birch_slab_top_3" },
			{ "model": "block/birch_slab_top_4" },
			{ "model": "block/birch_slab_top_5" }
		],
        "type=double": [
		{ "model": "block/double_slab_planks_birch", "weight": 3 },
		{ "model": "block/double_slab_planks_birch_2", "weight": 1 }
		]
    }
}