{
    "variants": {
        "east=false,north=false,south=false,west=false": {
            "model": "block/unused_cross_0"
        },
        "east=false,north=false,south=false,west=true": {
            "model": "block/unused_cross_0",
            "y": 270
        },
        "east=false,north=false,south=true,west=false": {
            "model": "block/unused_cross_0",
            "y": 180
        },
        "east=false,north=false,south=true,west=true": {
            "model": "block/unused_cross_0",
            "y": 180
        },
        "east=false,north=true,south=false,west=false": {
            "model": "block/unused_cross_0"
        },
        "east=false,north=true,south=false,west=true": {
            "model": "block/unused_cross_0",
            "y": 270
        },
        "east=false,north=true,south=true,west=false": {
            "model": "block/unused_cross_0"
        },
        "east=false,north=true,south=true,west=true": {
            "model": "block/unused_cross_0",
            "y": 180
        },
        "east=true,north=false,south=false,west=false": {
            "model": "block/unused_cross_0",
            "y": 90
        },
        "east=true,north=false,south=false,west=true": {
            "model": "block/unused_cross_0",
            "y": 90
        },
        "east=true,north=false,south=true,west=false": {
            "model": "block/unused_cross_0",
            "y": 90
        },
        "east=true,north=false,south=true,west=true": {
            "model": "block/unused_cross_0",
            "y": 90
        },
        "east=true,north=true,south=false,west=false": {
            "model": "block/unused_cross_0"
        },
        "east=true,north=true,south=false,west=true": {
            "model": "block/unused_cross_0",
            "y": 270
        },
        "east=true,north=true,south=true,west=false": {
            "model": "block/unused_cross_0"
        },
        "east=true,north=true,south=true,west=true": {
            "model": "block/unused_cross_0"
        }
    }
}