{
    "variants": {
        "facing=east,lit=false": {
            "model": "minecraft:block/replace_tile_entity",
            "y": 90
        },
        "facing=east,lit=true": {
            "model": "minecraft:block/replace_luminous",
            "y": 90
        },
        "facing=north,lit=false": {
            "model": "minecraft:block/replace_tile_entity"
        },
        "facing=north,lit=true": {
            "model": "minecraft:block/replace_luminous"
        },
        "facing=south,lit=false": {
            "model": "minecraft:block/replace_tile_entity",
            "y": 180
        },
        "facing=south,lit=true": {
            "model": "minecraft:block/replace_luminous",
            "y": 180
        },
        "facing=west,lit=false": {
            "model": "minecraft:block/replace_tile_entity",
            "y": 270
        },
        "facing=west,lit=true": {
            "model": "minecraft:block/replace_luminous",
            "y": 270
        }
    }
}