{
    "variants": {
        "facing=south": [
	{ "model": "minecraft:block/beam_horizontal", "y": 90 },
	{ "model": "minecraft:block/beam_horizontal_2", "y": 90 },
	{ "model": "minecraft:block/beam_horizontal_3", "y": 90 }
	],
        "facing=east": [
	{ "model": "minecraft:block/beam_horizontal"},
	{ "model": "minecraft:block/beam_horizontal_2"},
	{ "model": "minecraft:block/beam_horizontal_3"}
	],
        "facing=west": [
	{ "model": "minecraft:block/beam_horizontal", "y": 180},
	{ "model": "minecraft:block/beam_horizontal_2", "y": 180},
	{ "model": "minecraft:block/beam_horizontal_3", "y": 180}
	],
        "facing=north": [
	{ "model": "minecraft:block/beam_horizontal", "y": 270},
	{ "model": "minecraft:block/beam_horizontal_2", "y": 270},
	{ "model": "minecraft:block/beam_horizontal_3", "y": 270}
	]
    }
}