{
    "variants": {
        "facing=south": [
            {
                "model": "block/brown_glazed_terracotta_sw"
            }
        ],
        "facing=east": [
            {
                "model": "block/brown_glazed_terracotta_ne",
                "y": 90
            }
        ],
        "facing=north": [
            {
                "model": "block/brown_glazed_terracotta_ne"
            }
        ],
        "facing=west": [
            {
                "model": "block/brown_glazed_terracotta_sw",
                "y": 90
            }
        ]
    }
}