{
  "variants": {
    "": [
	{ "model": "minecraft:block/brown_mushroom" },
	{ "model": "minecraft:block/brown_mushroom", "y": 90},
	{ "model": "minecraft:block/brown_mushroom", "y": 180},
	{ "model": "minecraft:block/brown_mushroom", "y": 270},
	{ "model": "minecraft:block/brown_mushroom_2" },
	{ "model": "minecraft:block/brown_mushroom_2", "y": 90},
	{ "model": "minecraft:block/brown_mushroom_2", "y": 180},
	{ "model": "minecraft:block/brown_mushroom_2", "y": 270},
	{ "model": "minecraft:block/brown_mushroom_3"},
	{ "model": "minecraft:block/brown_mushroom_3", "y":90},
	{ "model": "minecraft:block/brown_mushroom_3", "y":180},
	{ "model": "minecraft:block/brown_mushroom_3", "y":270}
	]
  }
}