{
    "variants": {
        "": [
            {
                "model": "block/bubble_coral"
            },
            {
                "model": "block/bubble_coral",
                "y": 90
            },
            {
                "model": "block/bubble_coral",
                "y": 180
            },
            {
                "model": "block/bubble_coral",
                "y": 270
            },
            {
                "model": "block/bubble_coral_1"
            },
            {
                "model": "block/bubble_coral_1",
                "y": 90
            },
            {
                "model": "block/bubble_coral_1",
                "y": 180
            },
            {
                "model": "block/bubble_coral_1",
                "y": 270
            },
            {
                "model": "block/bubble_coral_2"
            },
            {
                "model": "block/bubble_coral_2",
                "y": 90
            },
            {
                "model": "block/bubble_coral_2",
                "y": 180
            },
            {
                "model": "block/bubble_coral_2",
                "y": 270
            },
            {
                "model": "block/bubble_coral_3"
            },
            {
                "model": "block/bubble_coral_3",
                "y": 90
            },
            {
                "model": "block/bubble_coral_3",
                "y": 180
            },
            {
                "model": "block/bubble_coral_3",
                "y": 270
            },
            {
                "model": "block/bubble_coral_4"
            },
            {
                "model": "block/bubble_coral_4",
                "y": 90
            },
            {
                "model": "block/bubble_coral_4",
                "y": 180
            },
            {
                "model": "block/bubble_coral_4",
                "y": 270
            },
            {
                "model": "block/bubble_coral_5"
            },
            {
                "model": "block/bubble_coral_5",
                "y": 90
            },
            {
                "model": "block/bubble_coral_5",
                "y": 180
            },
            {
                "model": "block/bubble_coral_5",
                "y": 270
            }
        ]
    }
}