{
    "multipart": [
        {
            "when": {
                "age": 0
            },
            "apply": {
                "model": "block/replace_cutout"
            }
        },
        {
            "when": {
                "age": 1
            },
            "apply": {
                "model": "block/replace_cutout"
            }
        },
        {
            "when": {
                "age": 2
            },
            "apply": [
                {
                    "model": "block/replace_cutout"
                },
                {
                    "model": "block/replace_cutout"
                },
                {
                    "model": "block/replace_cutout"
                }
            ]
        },
        {
            "when": {
                "age": 3
            },
            "apply": {
                "model": "block/replace_cutout"
            }
        },
        {
            "when": {
                "age": 4
            },
            "apply": {
                "model": "block/replace_cutout"
            }
        },
        {
            "when": {
                "age": 5
            },
            "apply": {
                "model": "block/cactus_5"
            }
        },
        {
            "when": {
                "age": 6
            },
            "apply": [
	{ "model": "block/chair"},
	{ "model": "block/chair_2"},
	{ "model": "block/chair_2_2"},
	{ "model": "block/chair_3"},
	{ "model": "block/chair_4"},
	{ "model": "block/chair_5"}
	]
        },
        {
            "when": {
                "age": 7
            },
            "apply": [
	{ "model": "block/chair", "y": 90},
	{ "model": "block/chair_2", "y": 90},
	{ "model": "block/chair_2_2", "y": 90},
	{ "model": "block/chair_3", "y": 90},
	{ "model": "block/chair_4", "y": 90},
	{ "model": "block/chair_5", "y": 90}
	]
        },
        {
            "when": {
                "age": 8
            },
            "apply": [
	{ "model": "block/chair", "y": 180},
	{ "model": "block/chair_2", "y": 180},
	{ "model": "block/chair_2_2", "y": 180},
	{ "model": "block/chair_3", "y": 180},
	{ "model": "block/chair_4", "y": 180},
	{ "model": "block/chair_5", "y": 180}
	]
        },
        {
            "when": {
                "age": 9
            },
            "apply": [
	{ "model": "block/chair", "y": 270},
	{ "model": "block/chair_2", "y": 270},
	{ "model": "block/chair_2_2", "y": 270},
	{ "model": "block/chair_3", "y": 270},
	{ "model": "block/chair_4", "y": 270},
	{ "model": "block/chair_5", "y": 270}
	]
        },
        {
            "when": {
                "age": 10
            },
            "apply": [
                {   "model": "block/small_table" },
				{   "model": "block/small_table", "y": 90 },
				{   "model": "block/small_table", "y": 180 },
				{   "model": "block/small_table", "y": 270 },
                {   "model": "block/small_table_2"  },
				{   "model": "block/small_table_2", "y": 90  },
				{   "model": "block/small_table_2", "y": 180  },
				{   "model": "block/small_table_2", "y": 270  }
            ]
        },
        {
            "when": {
                "age": 11
            },
            "apply": [
                {
                    "model": "block/replace_cutout"
                }
            ]
        },
        {
            "when": {
                "age": 12
            },
            "apply": [
                {
                    "model": "block/cactus_12"
                },
                {
                    "model": "block/cactus_12",
                    "y": 90
                }
            ]
        },
        {
            "when": {
                "age": 13
            },
            "apply": [
                {
                    "model": "block/replace_cutout"
                }
            ]
        },
        {
            "when": {
                "age": 14
            },
            "apply": {
                "model": "block/replace_cutout"
            }
        },
        {
            "when": {
                "age": 15
            },
            "apply": {
                "model": "block/replace_cutout",
                "y": 90
            }
        }
    ]
}