{
    "variants": {
        "facing=north,lit=true,signal_fire=false": {
            "model": "block/replace_luminous",
            "y": 180
        },
        "facing=south,lit=true,signal_fire=false": {
            "model": "block/replace_luminous"
        },
        "facing=east,lit=true,signal_fire=false": {
            "model": "block/replace_luminous",
            "y": 270
        },
        "facing=west,lit=true,signal_fire=false": {
            "model": "block/replace_luminous",
            "y": 90
        },
        "facing=north,lit=false,signal_fire=false": [
            {
                "model": "block/boulders_mossy"
            },
            {
                "model": "block/boulders_mossy",
                "y": 90
            },
            {
                "model": "block/boulders_mossy",
                "y": 180
            },
            {
                "model": "block/boulders_mossy",
                "y": 270
            },
            {
                "model": "block/boulders_mossy_2"
            },
            {
                "model": "block/boulders_mossy_2",
                "y": 90
            },
            {
                "model": "block/boulders_mossy_2",
                "y": 180
            },
            {
                "model": "block/boulders_mossy_2",
                "y": 270
            },
            {
                "model": "block/boulders_mossy_3"
            },
            {
                "model": "block/boulders_mossy_3",
                "y": 90
            },
            {
                "model": "block/boulders_mossy_3",
                "y": 180
            },
            {
                "model": "block/boulders_mossy_3",
                "y": 270
            },
            {
                "model": "block/boulders_mossy_4"
            },
            {
                "model": "block/boulders_mossy_4",
                "y": 90
            },
            {
                "model": "block/boulders_mossy_4",
                "y": 180
            },
            {
                "model": "block/boulders_mossy_4",
                "y": 270
            },
            {
                "model": "block/boulders_mossy_5"
            },
            {
                "model": "block/boulders_mossy_5",
                "y": 90
            },
            {
                "model": "block/boulders_mossy_5",
                "y": 180
            },
            {
                "model": "block/boulders_mossy_5",
                "y": 270
            },
            {
                "model": "block/boulders_mossy_6"
            },
            {
                "model": "block/boulders_mossy_6",
                "y": 90
            },
            {
                "model": "block/boulders_mossy_6",
                "y": 180
            },
            {
                "model": "block/boulders_mossy_6",
                "y": 270
            }
        ],
        "facing=south,lit=false,signal_fire=false": [
            {
                "model": "block/boulders_light"
            },
            {
                "model": "block/boulders_light",
                "y": 90
            },
            {
                "model": "block/boulders_light",
                "y": 180
            },
            {
                "model": "block/boulders_light",
                "y": 270
            },
            {
                "model": "block/boulders_light_2"
            },
            {
                "model": "block/boulders_light_2",
                "y": 90
            },
            {
                "model": "block/boulders_light_2",
                "y": 180
            },
            {
                "model": "block/boulders_light_2",
                "y": 270
            },
            {
                "model": "block/boulders_light_3"
            },
            {
                "model": "block/boulders_light_3",
                "y": 90
            },
            {
                "model": "block/boulders_light_3",
                "y": 180
            },
            {
                "model": "block/boulders_light_3",
                "y": 270
            },
            {
                "model": "block/boulders_light_4"
            },
            {
                "model": "block/boulders_light_4",
                "y": 90
            },
            {
                "model": "block/boulders_light_4",
                "y": 180
            },
            {
                "model": "block/boulders_light_4",
                "y": 270
            },
            {
                "model": "block/boulders_light_5"
            },
            {
                "model": "block/boulders_light_5",
                "y": 90
            },
            {
                "model": "block/boulders_light_5",
                "y": 180
            },
            {
                "model": "block/boulders_light_5",
                "y": 270
            },
            {
                "model": "block/boulders_light_6"
            },
            {
                "model": "block/boulders_light_6",
                "y": 90
            },
            {
                "model": "block/boulders_light_6",
                "y": 180
            },
            {
                "model": "block/boulders_light_6",
                "y": 270
            }
        ],
        "facing=east,lit=false,signal_fire=false": [
            {
                "model": "block/boulders_dark"
            },
            {
                "model": "block/boulders_dark",
                "y": 90
            },
            {
                "model": "block/boulders_dark",
                "y": 180
            },
            {
                "model": "block/boulders_dark",
                "y": 270
            },
            {
                "model": "block/boulders_dark_2"
            },
            {
                "model": "block/boulders_dark_2",
                "y": 90
            },
            {
                "model": "block/boulders_dark_2",
                "y": 180
            },
            {
                "model": "block/boulders_dark_2",
                "y": 270
            },
            {
                "model": "block/boulders_dark_3"
            },
            {
                "model": "block/boulders_dark_3",
                "y": 90
            },
            {
                "model": "block/boulders_dark_3",
                "y": 180
            },
            {
                "model": "block/boulders_dark_3",
                "y": 270
            },
            {
                "model": "block/boulders_dark_4"
            },
            {
                "model": "block/boulders_dark_4",
                "y": 90
            },
            {
                "model": "block/boulders_dark_4",
                "y": 180
            },
            {
                "model": "block/boulders_dark_4",
                "y": 270
            },
            {
                "model": "block/boulders_dark_5"
            },
            {
                "model": "block/boulders_dark_5",
                "y": 90
            },
            {
                "model": "block/boulders_dark_5",
                "y": 180
            },
            {
                "model": "block/boulders_dark_5",
                "y": 270
            },
            {
                "model": "block/boulders_dark_6"
            },
            {
                "model": "block/boulders_dark_6",
                "y": 90
            },
            {
                "model": "block/boulders_dark_6",
                "y": 180
            },
            {
                "model": "block/boulders_dark_6",
                "y": 270
            }
        ],
        "facing=west,lit=false,signal_fire=false": [
            {
                "model": "block/boulders_mixed"
            },
            {
                "model": "block/boulders_mixed",
                "y": 90
            },
            {
                "model": "block/boulders_mixed",
                "y": 180
            },
            {
                "model": "block/boulders_mixed",
                "y": 270
            },
            {
                "model": "block/boulders_mixed_2"
            },
            {
                "model": "block/boulders_mixed_2",
                "y": 90
            },
            {
                "model": "block/boulders_mixed_2",
                "y": 180
            },
            {
                "model": "block/boulders_mixed_2",
                "y": 270
            },
            {
                "model": "block/boulders_mixed_3"
            },
            {
                "model": "block/boulders_mixed_3",
                "y": 90
            },
            {
                "model": "block/boulders_mixed_3",
                "y": 180
            },
            {
                "model": "block/boulders_mixed_3",
                "y": 270
            },
            {
                "model": "block/boulders_mixed_4"
            },
            {
                "model": "block/boulders_mixed_4",
                "y": 90
            },
            {
                "model": "block/boulders_mixed_4",
                "y": 180
            },
            {
                "model": "block/boulders_mixed_4",
                "y": 270
            },
            {
                "model": "block/boulders_mixed_5"
            },
            {
                "model": "block/boulders_mixed_5",
                "y": 90
            },
            {
                "model": "block/boulders_mixed_5",
                "y": 180
            },
            {
                "model": "block/boulders_mixed_5",
                "y": 270
            },
            {
                "model": "block/boulders_mixed_6"
            },
            {
                "model": "block/boulders_mixed_6",
                "y": 90
            },
            {
                "model": "block/boulders_mixed_6",
                "y": 180
            },
            {
                "model": "block/boulders_mixed_6",
                "y": 270
            }
        ],
        "facing=north,lit=true,signal_fire=true": {
            "model": "block/replace_luminous",
            "y": 180
        },
        "facing=south,lit=true,signal_fire=true": {
            "model": "block/replace_luminous"
        },
        "facing=east,lit=true,signal_fire=true": {
            "model": "block/replace_luminous",
            "y": 270
        },
        "facing=west,lit=true,signal_fire=true": {
            "model": "block/replace_luminous",
            "y": 90
        },
        "facing=north,lit=false,signal_fire=true": [
		{   "model": "block/burnt_firepit_big"  },
		{   "model": "block/burnt_firepit_big", "y":90  },
		{   "model": "block/burnt_firepit_big", "y":180  },
		{   "model": "block/burnt_firepit_big", "y":270  }],
        "facing=south,lit=false,signal_fire=true": {
            "model": "block/bed_green_half"
        },
        "facing=east,lit=false,signal_fire=true": {
            "model": "block/bed_grey_half"
        },
        "facing=west,lit=false,signal_fire=true": [
            {
                "model": "block/burnt_firepit"
            },
            {
                "model": "block/burnt_firepit",
                "y": 90
            },
            {
                "model": "block/burnt_firepit",
                "y": 180
            },
            {
                "model": "block/burnt_firepit",
                "y": 270
            },
            {
                "model": "block/burnt_firepit_2"
            },
            {
                "model": "block/burnt_firepit_2",
                "y": 90
            },
            {
                "model": "block/burnt_firepit_2",
                "y": 180
            },
            {
                "model": "block/burnt_firepit_2",
                "y": 270
            },
            {
                "model": "block/burnt_firepit_3"
            },
            {
                "model": "block/burnt_firepit_3",
                "y": 90
            },
            {
                "model": "block/burnt_firepit_3",
                "y": 180
            },
            {
                "model": "block/burnt_firepit_3",
                "y": 270
            },
            {
                "model": "block/burnt_firepit_4"
            },
            {
                "model": "block/burnt_firepit_4",
                "y": 90
            },
            {
                "model": "block/burnt_firepit_4",
                "y": 180
            },
            {
                "model": "block/burnt_firepit_4",
                "y": 270
            }
        ]
    }
}