{
    "variants": {
        "age=7": [
		{ "model": "block/metal_mug" },
		{ "model": "block/metal_mug", "y": 90 },
		{ "model": "block/metal_mug", "y": 180 },
		{ "model": "block/metal_mug", "y": 270 },
		{ "model": "block/metal_mug_2" },
		{ "model": "block/metal_mug_2", "y": 90 },
		{ "model": "block/metal_mug_2", "y": 180 },
		{ "model": "block/metal_mug_2", "y": 270 }
		],
        "age=6": [
            {
                "model": "block/unused_cross_cutout"
            }
        ],
        "age=5": [
	{ "model": "block/iron_sheets_ground" },
	{ "model": "block/iron_sheets_ground", "y":90 },
	{ "model": "block/iron_sheets_ground", "y":180 },
	{ "model": "block/iron_sheets_ground", "y":270 },
	{ "model": "block/iron_sheets_ground_2" },
	{ "model": "block/iron_sheets_ground_2", "y":90 },
	{ "model": "block/iron_sheets_ground_2", "y":180 },
	{ "model": "block/iron_sheets_ground_2", "y":270 },
	{ "model": "block/iron_sheets_ground_3" },
	{ "model": "block/iron_sheets_ground_3", "y":90 },
	{ "model": "block/iron_sheets_ground_3", "y":180 },
	{ "model": "block/iron_sheets_ground_3", "y":270 }
	],
        "age=4": [
            {
                "model": "block/unused_cross_cutout"
            }
        ],
        "age=3": [
            {
                "model": "block/unused_cross_cutout"
            }
        ],
        "age=2": [
            {
                "model": "block/unused_cross_cutout"
            }
        ],
        "age=1": [
            {
                "model": "block/unused_cross_cutout"
            }
        ],
        "age=0": [
            {
                "model": "block/unused_cross_cutout"
            }
        ]
    }
}