{
    "variants": {
        "": [
            {
                "model": "minecraft:block/cartography_table"
            },
            {
                "model": "minecraft:block/cartography_table_2"
            },
            {
                "model": "minecraft:block/cartography_table_3"
            },
            {
                "model": "minecraft:block/cartography_table_4"
            },
            {
                "model": "minecraft:block/cartography_table_5"
            }
        ]
    }
}