{
    "variants": {
        "facing=east,in_wall=false,open=false": {
            "model": "minecraft:block/replace_vertical_slab",
            "uvlock": false,
            "y": 270
        },
        "facing=east,in_wall=false,open=true": {
            "model": "minecraft:block/replace_vertical_slab",
            "uvlock": false,
            "y": 270
        },
        "facing=east,in_wall=true,open=false": {
            "model": "minecraft:block/replace_vertical_slab",
            "uvlock": false,
            "y": 270
        },
        "facing=east,in_wall=true,open=true": {
            "model": "minecraft:block/replace_vertical_slab",
            "uvlock": false,
            "y": 270
        },
        "facing=north,in_wall=false,open=false": {
            "model": "minecraft:block/replace_vertical_slab",
            "uvlock": false,
            "y": 180
        },
        "facing=north,in_wall=false,open=true": {
            "model": "minecraft:block/replace_vertical_slab",
            "uvlock": false,
            "y": 180
        },
        "facing=north,in_wall=true,open=false": {
            "model": "minecraft:block/replace_vertical_slab",
            "uvlock": false,
            "y": 180
        },
        "facing=north,in_wall=true,open=true": {
            "model": "minecraft:block/replace_vertical_slab",
            "uvlock": false,
            "y": 180
        },
        "facing=south,in_wall=false,open=false": {
            "model": "minecraft:block/replace_vertical_slab",
            "uvlock": false
        },
        "facing=south,in_wall=false,open=true": {
            "model": "minecraft:block/replace_vertical_slab",
            "uvlock": false
        },
        "facing=south,in_wall=true,open=false": {
            "model": "minecraft:block/replace_vertical_slab",
            "uvlock": false
        },
        "facing=south,in_wall=true,open=true": {
            "model": "minecraft:block/replace_vertical_slab",
            "uvlock": false
        },
        "facing=west,in_wall=false,open=false": {
            "model": "minecraft:block/replace_vertical_slab",
            "uvlock": false,
            "y": 90
        },
        "facing=west,in_wall=false,open=true": {
            "model": "minecraft:block/replace_vertical_slab",
            "uvlock": false,
            "y": 90
        },
        "facing=west,in_wall=true,open=false": {
            "model": "minecraft:block/replace_vertical_slab",
            "uvlock": false,
            "y": 90
        },
        "facing=west,in_wall=true,open=true": {
            "model": "minecraft:block/replace_vertical_slab",
            "uvlock": false,
            "y": 90
        }
    }
}