{
    "multipart": [
        {
            "apply": {
                "model": "minecraft:block/replace_fence"
            }
        },
        {
            "apply": {
                "model": "minecraft:block/replace_fence",
                "uvlock": true
            },
            "when": {
                "north": "true"
            }
        },
        {
            "apply": {
                "model": "minecraft:block/replace_fence",
                "uvlock": true,
                "y": 90
            },
            "when": {
                "east": "true"
            }
        },
        {
            "apply": {
                "model": "minecraft:block/replace_fence",
                "uvlock": true,
                "y": 180
            },
            "when": {
                "south": "true"
            }
        },
        {
            "apply": {
                "model": "minecraft:block/replace_fence",
                "uvlock": true,
                "y": 270
            },
            "when": {
                "west": "true"
            }
        }
    ]
}