{
    "variants": {
        "": [
            {
                "model": "block/chiseled_sandstone"
            },
            {
                "model": "block/chiseled_sandstone_2"
            },
            {
                "model": "block/chiseled_sandstone_3"
            },
            {
                "model": "block/chiseled_sandstone_4"
            },
            {
                "model": "block/chiseled_sandstone_5"
            },
            {
                "model": "block/chiseled_sandstone_6"
            }
        ]
    }
}