{
    "variants": {
        "age=0": {
            "model": "block/unused_cross_cutout"
        },
        "age=1": {
            "model": "block/unused_cross_cutout"
        },
        "age=2": {
            "model": "block/unused_cross_cutout"
        },
        "age=3": {
            "model": "block/unused_cross_cutout"
        },
        "age=4": {
            "model": "block/unused_cross_cutout"
        },
        "age=5": {
            "model": "block/unused_cross_cutout"
        }
    }
}