{
    "multipart": [
        {
            "when": {
                "north": true
            },
            "apply": {
                "model": "block/chorus_plant_side"
            }
        },
        {
            "when": {
                "east": true
            },
            "apply": {
                "model": "block/chorus_plant_side",
                "y": 90,
                "uvlock": true
            }
        },
        {
            "when": {
                "south": true
            },
            "apply": {
                "model": "block/chorus_plant_side",
                "y": 180,
                "uvlock": true
            }
        },
        {
            "when": {
                "west": true
            },
            "apply": {
                "model": "block/chorus_plant_side",
                "y": 270,
                "uvlock": true
            }
        },
        {
            "when": {
                "up": true
            },
            "apply": {
                "model": "block/chorus_plant_side",
                "x": 270,
                "uvlock": true
            }
        },
        {
            "when": {
                "down": true
            },
            "apply": {
                "model": "block/chorus_plant_side",
                "x": 90,
                "uvlock": true
            }
        },
        {
            "when": {
                "north": false
            },
            "apply": [
                {
                    "model": "block/chorus_plant_noside",
                    "weight": 2
                }
            ]
        },
        {
            "when": {
                "east": false
            },
            "apply": [
                {
                    "model": "block/chorus_plant_noside",
                    "weight": 2,
                    "y": 90,
                    "uvlock": true
                }
            ]
        },
        {
            "when": {
                "south": false
            },
            "apply": [
                {
                    "model": "block/chorus_plant_noside",
                    "weight": 2,
                    "y": 180,
                    "uvlock": true
                }
            ]
        },
        {
            "when": {
                "west": false
            },
            "apply": [
                {
                    "model": "block/chorus_plant_noside",
                    "weight": 2,
                    "y": 270,
                    "uvlock": true
                }
            ]
        },
        {
            "when": {
                "up": false
            },
            "apply": [
                {
                    "model": "block/chorus_plant_noside",
                    "weight": 2,
                    "x": 270,
                    "uvlock": true
                }
            ]
        },
        {
            "when": {
                "down": false
            },
            "apply": [
                {
                    "model": "block/chorus_plant_noside",
                    "weight": 2,
                    "x": 90,
                    "uvlock": true
                }
            ]
        },
        {
            "when": {
                "north": true,
                "east": false,
                "south": false,
                "west": false,
                "up": false,
                "down": false
            },
            "apply": {
                "model": "block/chorus_plant_side",
                "y": 180,
                "uvlock": true
            }
        },
        {
            "when": {
                "north": false,
                "east": true,
                "south": false,
                "west": false,
                "up": false,
                "down": false
            },
            "apply": {
                "model": "block/chorus_plant_side",
                "y": 270,
                "uvlock": true
            }
        },
        {
            "when": {
                "north": false,
                "east": false,
                "south": true,
                "west": false,
                "up": false,
                "down": false
            },
            "apply": {
                "model": "block/chorus_plant_side"
            }
        },
        {
            "when": {
                "north": false,
                "east": false,
                "south": false,
                "west": true,
                "up": false,
                "down": false
            },
            "apply": {
                "model": "block/chorus_plant_side",
                "y": 90,
                "uvlock": true
            }
        },
        {
            "when": {
                "north": false,
                "east": false,
                "south": false,
                "west": false,
                "up": true,
                "down": false
            },
            "apply": {
                "model": "block/chorus_plant_side",
                "x": 90,
                "uvlock": true
            }
        },
        {
            "when": {
                "north": false,
                "east": false,
                "south": false,
                "west": false,
                "up": false,
                "down": true
            },
            "apply": {
                "model": "block/chorus_plant_side",
                "x": 270,
                "uvlock": true
            }
        }
    ]
}