{
    "variants": {
        "": [
            {
                "model": "block/clay"
            },
            {
                "model": "block/clay",
                "y": 90
            },
            {
                "model": "block/clay",
                "y": 180
            },
            {
                "model": "block/clay",
                "y": 270
            },
            {
                "model": "block/clay_2"
            },
            {
                "model": "block/clay_2",
                "y": 90
            },
            {
                "model": "block/clay_2",
                "y": 180
            },
            {
                "model": "block/clay_2",
                "y": 270
            }
        ]
    }
}