{
    "variants": {
        "": [
            {
                "model": "block/coarse_dirt"
            },
            {
                "model": "block/coarse_dirt",
                "y": 90
            },
            {
                "model": "block/coarse_dirt",
                "y": 180
            },
            {
                "model": "block/coarse_dirt",
                "y": 270
            },
            {
                "model": "block/coarse_dirt_1"
            },
            {
                "model": "block/coarse_dirt_1",
                "y": 90
            },
            {
                "model": "block/coarse_dirt_1",
                "y": 180
            },
            {
                "model": "block/coarse_dirt_1",
                "y": 270
            }
        ]
    }
}