{
    "variants": {
        "type=bottom": {
            "model": "block/cobblestone_slab"
        },
        "type=top": {
            "model": "block/cobblestone_slab_top"
        },
        "type=double": [
            {
                "model": "block/double_slab_cobblestone"
            },
            {
                "model": "block/double_slab_cobblestone_2"
            },
            {
                "model": "block/double_slab_cobblestone_3"
            },
            {
                "model": "block/double_slab_cobblestone_4"
            },
            {
                "model": "block/double_slab_cobblestone_5"
            }
        ]
    }
}