{
    "variants": {
        "age=0,facing=south": {
            "model": "block/reinforced_strip_wall"
        },
        "age=0,facing=west": {
            "model": "block/reinforced_strip_wall",
            "y": 90
        },
        "age=0,facing=north": {
            "model": "block/reinforced_strip_wall",
            "y": 180
        },
        "age=0,facing=east": {
            "model": "block/reinforced_strip_wall",
            "y": 270
        },
        "age=1,facing=north": {
            "model": "block/reinforced_strip_wall_deco",
            "y": 180
        },
        "age=1,facing=east": {
            "model": "block/reinforced_strip_wall_deco",
            "y": 270
        },
        "age=1,facing=south": {
            "model": "block/reinforced_strip_wall_deco"
        },
        "age=1,facing=west": {
            "model": "block/reinforced_strip_wall_deco",
            "y": 90
        },
        "age=2,facing=north": {
            "model": "block/reinforced_strip_wall_wide",
            "y": 180
        },
        "age=2,facing=east": {
            "model": "block/reinforced_strip_wall_wide",
            "y": 270
        },
        "age=2,facing=south": {
            "model": "block/reinforced_strip_wall_wide"
        },
        "age=2,facing=west": {
            "model": "block/reinforced_strip_wall_wide",
            "y": 90
        }
    }
}