{
    "multipart": [
        {
            "apply": {
                "model": "minecraft:block/replace"
            }
        },
        {
            "apply": {
                "model": "minecraft:block/replace"
            },
            "when": {
                "level": "1"
            }
        },
        {
            "apply": {
                "model": "minecraft:block/replace"
            },
            "when": {
                "level": "2"
            }
        },
        {
            "apply": {
                "model": "minecraft:block/replace"
            },
            "when": {
                "level": "3"
            }
        },
        {
            "apply": {
                "model": "minecraft:block/replace"
            },
            "when": {
                "level": "4"
            }
        },
        {
            "apply": {
                "model": "minecraft:block/replace"
            },
            "when": {
                "level": "5"
            }
        },
        {
            "apply": {
                "model": "minecraft:block/replace"
            },
            "when": {
                "level": "6"
            }
        },
        {
            "apply": {
                "model": "minecraft:block/replace"
            },
            "when": {
                "level": "7"
            }
        },
        {
            "apply": {
                "model": "minecraft:block/replace"
            },
            "when": {
                "level": "8"
            }
        }
    ]
}