{
    "variants": {
        "": [
            {
                "model": "block/cracked_polished_blackstone_bricks"
            },
            {
                "model": "block/cracked_polished_blackstone_bricks_2"
            },
            {
                "model": "block/cracked_polished_blackstone_bricks_3"
            },
            {
                "model": "block/cracked_polished_blackstone_bricks_4"
            },
            {
                "model": "block/cracked_polished_blackstone_bricks_5"
            }
        ]
    }
}