{
  "variants": {
    "": [
	{"model": "minecraft:block/cracked_deepslate_bricks"},
	{"model": "minecraft:block/cracked_deepslate_bricks", "y": 90},
	{"model": "minecraft:block/cracked_deepslate_bricks", "y": 180},
	{"model": "minecraft:block/cracked_deepslate_bricks", "y": 270},
	{"model": "minecraft:block/cracked_deepslate_bricks_2"},
	{"model": "minecraft:block/cracked_deepslate_bricks_2", "y": 90},
	{"model": "minecraft:block/cracked_deepslate_bricks_2", "y": 180},
	{"model": "minecraft:block/cracked_deepslate_bricks_2", "y": 270},
	{"model": "minecraft:block/cracked_deepslate_bricks_3"},
	{"model": "minecraft:block/cracked_deepslate_bricks_3", "y": 90},
	{"model": "minecraft:block/cracked_deepslate_bricks_3", "y": 180},
	{"model": "minecraft:block/cracked_deepslate_bricks_3", "y": 270},
	{"model": "minecraft:block/cracked_deepslate_bricks_4"},
	{"model": "minecraft:block/cracked_deepslate_bricks_4", "y": 90},
	{"model": "minecraft:block/cracked_deepslate_bricks_4", "y": 180},
	{"model": "minecraft:block/cracked_deepslate_bricks_4", "y": 270},
	{"model": "minecraft:block/cracked_deepslate_bricks_5"},
	{"model": "minecraft:block/cracked_deepslate_bricks_5", "y": 90},
	{"model": "minecraft:block/cracked_deepslate_bricks_5", "y": 180},
	{"model": "minecraft:block/cracked_deepslate_bricks_5", "y": 270},
	{"model": "minecraft:block/cracked_deepslate_bricks_6"},
	{"model": "minecraft:block/cracked_deepslate_bricks_6", "y": 90},
	{"model": "minecraft:block/cracked_deepslate_bricks_6", "y": 180},
	{"model": "minecraft:block/cracked_deepslate_bricks_6", "y": 270}
	
	]
  }
}