{
    "variants": {
        "": [
            {
                "model": "block/cracked_deepslate_tiles"
            },
            {
                "model": "block/cracked_deepslate_tiles_2"
            },
            {
                "model": "block/cracked_deepslate_tiles_3"
            },
            {
                "model": "block/cracked_deepslate_tiles_4"
            },
            {
                "model": "block/cracked_deepslate_tiles_5"
            }
        ]
    }
}