{
    "variants": {
        "": [
            {
                "model": "block/cracked_nether_bricks"
            },
            {
                "model": "block/cracked_nether_bricks_2"
            },
            {
                "model": "block/cracked_nether_bricks_3"
            },
            {
                "model": "block/cracked_nether_bricks_4"
            },
            {
                "model": "block/cracked_nether_bricks_5"
            },
            {
                "model": "block/cracked_nether_bricks_6"
            },
            {
                "model": "block/cracked_nether_bricks_7"
            }
        ]
    }
}