{
    "variants": {
        "powered=false": [
		{  "model": "minecraft:block/dead_wood_top_cover" },
		{  "model": "minecraft:block/dead_wood_top_cover", "y":90 },
		{  "model": "minecraft:block/dead_wood_top_cover", "y":180 },
		{  "model": "minecraft:block/dead_wood_top_cover", "y":270 },
		{  "model": "minecraft:block/dead_wood_top_cover_2" },
		{  "model": "minecraft:block/dead_wood_top_cover_2", "y":90 },
		{  "model": "minecraft:block/dead_wood_top_cover_2", "y":180 },
		{  "model": "minecraft:block/dead_wood_top_cover_2", "y":270 }
		],
        "powered=true": [
            {
                "model": "block/boulders_black"
            },
            {
                "model": "block/boulders_black",
                "y": 90
            },
            {
                "model": "block/boulders_black",
                "y": 180
            },
            {
                "model": "block/boulders_black",
                "y": 270
            },
            {
                "model": "block/boulders_black_2"
            },
            {
                "model": "block/boulders_black_2",
                "y": 90
            },
            {
                "model": "block/boulders_black_2",
                "y": 180
            },
            {
                "model": "block/boulders_black_2",
                "y": 270
            },
            {
                "model": "block/boulders_black_3"
            },
            {
                "model": "block/boulders_black_3",
                "y": 90
            },
            {
                "model": "block/boulders_black_3",
                "y": 180
            },
            {
                "model": "block/boulders_black_3",
                "y": 270
            },
            {
                "model": "block/boulders_black_4"
            },
            {
                "model": "block/boulders_black_4",
                "y": 90
            },
            {
                "model": "block/boulders_black_4",
                "y": 180
            },
            {
                "model": "block/boulders_black_4",
                "y": 270
            },
            {
                "model": "block/boulders_black_5"
            },
            {
                "model": "block/boulders_black_5",
                "y": 90
            },
            {
                "model": "block/boulders_black_5",
                "y": 180
            },
            {
                "model": "block/boulders_black_5",
                "y": 270
            },
            {
                "model": "block/boulders_black_6"
            },
            {
                "model": "block/boulders_black_6",
                "y": 90
            },
            {
                "model": "block/boulders_black_6",
                "y": 180
            },
            {
                "model": "block/boulders_black_6",
                "y": 270
            }
        ]
    }
}