{
    "variants": {
        "face=floor,facing=north,powered=false":  [
		{ "model": "block/paper" },
		{ "model": "block/paper", "y": 180 },
		{ "model": "block/paper_2" },
		{ "model": "block/paper_2", "y": 180 },
		{ "model": "block/paper_3" },
		{ "model": "block/paper_3", "y": 180 },
		{ "model": "block/paper_4" },
		{ "model": "block/paper_4", "y": 180 }
		],
        "face=floor,facing=east,powered=false":  [
		{ "model": "block/paper", "y": 90 },
		{ "model": "block/paper", "y": 270 },
		{ "model": "block/paper_2", "y": 90 },
		{ "model": "block/paper_2", "y": 270 },
		{ "model": "block/paper_3", "y": 90 },
		{ "model": "block/paper_3", "y": 270 },
		{ "model": "block/paper_4", "y": 90 },
		{ "model": "block/paper_4", "y": 270 }
		],
        "face=floor,facing=west,powered=false":  { "model": "block/unused_cross_0", "y": 270 },
        "face=floor,facing=south,powered=false": { "model": "block/unused_cross_0", "y": 180 },
        "face=wall,facing=east,powered=false":  { "model": "block/crimson_button_wall", "y": 270 },
        "face=wall,facing=west,powered=false":  { "model": "block/crimson_button_wall", "y": 90 },
        "face=wall,facing=south,powered=false": { "model": "block/crimson_button_wall" },
        "face=wall,facing=north,powered=false": { "model": "block/crimson_button_wall", "y": 180 },
        "face=ceiling,facing=east,powered=false":  { "model": "block/dark_oak_button_1x3arch_top", "y": 90},
        "face=ceiling,facing=west,powered=false":  { "model": "block/unused_cross_0", "x": 180, "y": 90 },
        "face=ceiling,facing=south,powered=false": { "model": "block/dark_oak_button_1x3arch_top_1", "y": 90 },
        "face=ceiling,facing=north,powered=false": {  "model": "block/cocoa_stage0", "x": 90 },
        "face=floor,facing=east,powered=true":  { "model": "block/unused_cross_0", "y": 90 },
        "face=floor,facing=west,powered=true":  { "model": "block/unused_cross_0", "y": 270 },
        "face=floor,facing=south,powered=true": { "model": "block/unused_cross_0", "y": 180 },
        "face=floor,facing=north,powered=true": { "model": "block/unused_cross_0" },
        "face=wall,facing=east,powered=true":  { "model": "block/tools", "y": 90 },
        "face=wall,facing=west,powered=true":  { "model": "block/tools", "y": 270 },
        "face=wall,facing=south,powered=true": { "model": "block/tools", "y": 180 },
        "face=wall,facing=north,powered=true": { "model": "block/tools"},
        "face=ceiling,facing=east,powered=true":  { "model": "block/unused_cross_0", "x": 180, "y": 270 },
        "face=ceiling,facing=west,powered=true":  { "model": "block/unused_cross_0", "x": 180, "y": 90 },
        "face=ceiling,facing=south,powered=true": { "model": "block/unused_cross_0", "x": 180 },
        "face=ceiling,facing=north,powered=true": { "model": "block/unused_cross_0", "x": 180, "y": 180 }
    }
}