{
    "variants": {
        "facing=east,half=bottom,open=false": {
            "model": "minecraft:block/replace_thin_slab",
            "y": 90
        },
        "facing=east,half=bottom,open=true": [
		{ "model": "block/trapdoor_putrid_log_open", "y":90 },
		{ "model": "block/trapdoor_putrid_log_open_2", "y":90},
		{ "model": "block/trapdoor_putrid_log_open_3", "y":90},
		{ "model": "block/trapdoor_putrid_log_open_4", "y":90},
		{ "model": "block/trapdoor_putrid_log_open_5", "y":90}
		],
        "facing=east,half=top,open=false": {
            "model": "minecraft:block/replace_thin_slab",
            "x": 180,
            "y": 90
        },
        "facing=east,half=top,open=true": {
            "model": "minecraft:block/replace_thin_slab",
            "x": 90,
            "y": 90
        },
        "facing=north,half=bottom,open=false": {
            "model": "minecraft:block/replace_thin_slab"
        },
        "facing=north,half=bottom,open=true": [
		{ "model": "block/trapdoor_putrid_log_open"},
		{ "model": "block/trapdoor_putrid_log_open_2"},
		{ "model": "block/trapdoor_putrid_log_open_3"},
		{ "model": "block/trapdoor_putrid_log_open_4"},
		{ "model": "block/trapdoor_putrid_log_open_5"}
		],
        "facing=north,half=top,open=false": {
            "model": "minecraft:block/replace_thin_slab",
            "x": 180
        },
        "facing=north,half=top,open=true": {
            "model": "minecraft:block/replace_thin_slab",
            "x": 90
        },
        "facing=south,half=bottom,open=false": {
            "model": "minecraft:block/replace_thin_slab",
            "y": 180
        },
        "facing=south,half=bottom,open=true": [
		{ "model": "block/trapdoor_putrid_log_open", "y": 180},
		{ "model": "block/trapdoor_putrid_log_open_2", "y": 180},
		{ "model": "block/trapdoor_putrid_log_open_3", "y": 180},
		{ "model": "block/trapdoor_putrid_log_open_4", "y": 180},
		{ "model": "block/trapdoor_putrid_log_open_5", "y": 180}
		],
        "facing=south,half=top,open=false": {
            "model": "minecraft:block/replace_thin_slab",
            "x": 180,
            "y": 180
        },
        "facing=south,half=top,open=true": {
            "model": "minecraft:block/replace_thin_slab",
            "x": 90,
            "y": 180
        },
        "facing=west,half=bottom,open=false": {
            "model": "minecraft:block/replace_thin_slab",
            "y": 270
        },
        "facing=west,half=bottom,open=true": [
		{ "model": "block/trapdoor_putrid_log_open", "y":270},
		{ "model": "block/trapdoor_putrid_log_open_2", "y":270},
		{ "model": "block/trapdoor_putrid_log_open_3", "y":270},
		{ "model": "block/trapdoor_putrid_log_open_4", "y":270},
		{ "model": "block/trapdoor_putrid_log_open_5", "y":270}
		],
        "facing=west,half=top,open=false": {
            "model": "minecraft:block/replace_thin_slab",
            "x": 180,
            "y": 270
        },
        "facing=west,half=top,open=true": {
            "model": "minecraft:block/replace_thin_slab",
            "x": 90,
            "y": 270
        }
    }
}