{
    "variants": {
        "": [
            {
                "model": "minecraft:block/crimson_roots"
            },
            {
                "model": "minecraft:block/crimson_roots",
                "y": 90
            },
            {
                "model": "minecraft:block/crimson_roots",
                "y": 180
            },
            {
                "model": "minecraft:block/crimson_roots",
                "y": 270
            },
            {
                "model": "minecraft:block/crimson_roots_1"
            },
            {
                "model": "minecraft:block/crimson_roots_1",
                "y": 90
            },
            {
                "model": "minecraft:block/crimson_roots_1",
                "y": 180
            },
            {
                "model": "minecraft:block/crimson_roots_1",
                "y": 270
            }
        ]
    }
}