{
    "variants": {
        "facing=east,half=lower,hinge=left,open=false": {
            "model": "minecraft:block/door_unused"
        },
        "facing=east,half=lower,hinge=left,open=true": {
            "model": "minecraft:block/door_unused",
            "y": 90
        },
        "facing=east,half=lower,hinge=right,open=false": {
            "model": "minecraft:block/door_unused"
        },
        "facing=east,half=lower,hinge=right,open=true": {
            "model": "minecraft:block/door_unused",
            "y": 270
        },
        "facing=east,half=upper,hinge=left,open=false": {
            "model": "minecraft:block/door_unused"
        },
        "facing=east,half=upper,hinge=left,open=true": {
            "model": "minecraft:block/door_unused",
            "y": 90
        },
        "facing=east,half=upper,hinge=right,open=false": {
            "model": "minecraft:block/door_unused"
        },
        "facing=east,half=upper,hinge=right,open=true": {
            "model": "minecraft:block/door_unused",
            "y": 270
        },
        "facing=north,half=lower,hinge=left,open=false": {
            "model": "minecraft:block/door_unused",
            "y": 270
        },
        "facing=north,half=lower,hinge=left,open=true": {
            "model": "minecraft:block/door_unused"
        },
        "facing=north,half=lower,hinge=right,open=false": {
            "model": "minecraft:block/door_unused",
            "y": 270
        },
        "facing=north,half=lower,hinge=right,open=true": {
            "model": "minecraft:block/door_unused",
            "y": 180
        },
        "facing=north,half=upper,hinge=left,open=false": {
            "model": "minecraft:block/door_unused",
            "y": 270
        },
        "facing=north,half=upper,hinge=left,open=true": {
            "model": "minecraft:block/door_unused"
        },
        "facing=north,half=upper,hinge=right,open=false": {
            "model": "minecraft:block/door_unused",
            "y": 270
        },
        "facing=north,half=upper,hinge=right,open=true": {
            "model": "minecraft:block/door_unused",
            "y": 180
        },
        "facing=south,half=lower,hinge=left,open=false": {
            "model": "minecraft:block/door_unused",
            "y": 90
        },
        "facing=south,half=lower,hinge=left,open=true": {
            "model": "minecraft:block/door_unused",
            "y": 180
        },
        "facing=south,half=lower,hinge=right,open=false": {
            "model": "minecraft:block/door_unused",
            "y": 90
        },
        "facing=south,half=lower,hinge=right,open=true": {
            "model": "minecraft:block/door_unused"
        },
        "facing=south,half=upper,hinge=left,open=false": {
            "model": "minecraft:block/door_unused",
            "y": 90
        },
        "facing=south,half=upper,hinge=left,open=true": {
            "model": "minecraft:block/door_unused",
            "y": 180
        },
        "facing=south,half=upper,hinge=right,open=false": {
            "model": "minecraft:block/door_unused",
            "y": 90
        },
        "facing=south,half=upper,hinge=right,open=true": {
            "model": "minecraft:block/door_unused"
        },
        "facing=west,half=lower,hinge=left,open=false": {
            "model": "minecraft:block/door_unused",
            "y": 180
        },
        "facing=west,half=lower,hinge=left,open=true": {
            "model": "minecraft:block/door_unused",
            "y": 270
        },
        "facing=west,half=lower,hinge=right,open=false": {
            "model": "minecraft:block/door_unused",
            "y": 180
        },
        "facing=west,half=lower,hinge=right,open=true": {
            "model": "minecraft:block/door_unused",
            "y": 90
        },
        "facing=west,half=upper,hinge=left,open=false": {
            "model": "minecraft:block/door_unused",
            "y": 180
        },
        "facing=west,half=upper,hinge=left,open=true": {
            "model": "minecraft:block/door_unused",
            "y": 270
        },
        "facing=west,half=upper,hinge=right,open=false": {
            "model": "minecraft:block/door_unused",
            "y": 180
        },
        "facing=west,half=upper,hinge=right,open=true": {
            "model": "minecraft:block/door_unused",
            "y": 90
        }
    }
}