{
  "variants": {
    "axis=x": [
		{"model": "block/crimson_hyphae", "weight": 4 },
		{"model": "block/crimson_hyphae_1", "weight": 2 },
		{"model": "block/crimson_hyphae_2", "weight": 5 },
		{"model": "block/crimson_hyphae_3", "weight": 2 },
		{"model": "block/crimson_hyphae_4", "weight": 5 },
		{"model": "block/crimson_hyphae_5", "weight": 4 }
		],
    "axis=z": [
		{ "model": "block/crimson_hyphae", "weight": 4, "y": 90 },
		{ "model": "block/crimson_hyphae_1", "weight": 2, "y": 90 },
		{ "model": "block/crimson_hyphae_2", "weight": 5, "y": 90 },
		{ "model": "block/crimson_hyphae_3", "weight": 2, "y": 90 },
		{ "model": "block/crimson_hyphae_4", "weight": 5, "y": 90 },
		{ "model": "block/crimson_hyphae_5", "weight": 4, "y": 90 }
		],
    "axis=y": [
		{ "model": "block/stone_bricks_large" },
		{ "model": "block/stone_bricks_large_2" },
		{ "model": "block/stone_bricks_large_3" },
		{ "model": "block/stone_bricks_large_4" }
		]
		
  }
}