{
    "variants": {
        "": [
            { "model": "minecraft:block/cut_red_sandstone" },
			{ "model": "minecraft:block/cut_red_sandstone", "y": 90 },
			{ "model": "minecraft:block/cut_red_sandstone", "y": 180 },
			{ "model": "minecraft:block/cut_red_sandstone", "y": 270 },
			{ "model": "minecraft:block/cut_red_sandstone_2" },
			{ "model": "minecraft:block/cut_red_sandstone_2", "y": 90 },
			{ "model": "minecraft:block/cut_red_sandstone_2", "y": 180 },
			{ "model": "minecraft:block/cut_red_sandstone_2", "y": 270 },
			{ "model": "minecraft:block/cut_red_sandstone_3" },
			{ "model": "minecraft:block/cut_red_sandstone_3", "y": 90 },
			{ "model": "minecraft:block/cut_red_sandstone_3", "y": 180 },
			{ "model": "minecraft:block/cut_red_sandstone_3", "y": 270 },
			{ "model": "minecraft:block/cut_red_sandstone_4" },
			{ "model": "minecraft:block/cut_red_sandstone_4", "y": 90 },
			{ "model": "minecraft:block/cut_red_sandstone_4", "y": 180 },
			{ "model": "minecraft:block/cut_red_sandstone_4", "y": 270 },
			{ "model": "minecraft:block/cut_red_sandstone_5" },
			{ "model": "minecraft:block/cut_red_sandstone_5", "y": 90 },
			{ "model": "minecraft:block/cut_red_sandstone_5", "y": 180 },
			{ "model": "minecraft:block/cut_red_sandstone_5", "y": 270 }
        ]
    }
}