{
    "variants": {
        "facing=south": [
            {
                "model": "block/cyan_glazed_terracotta",
                "y": 90
            },
            {
                "model": "block/cyan_glazed_terracotta_1",
                "y": 90
            }
        ],
        "facing=west": [
            {
                "model": "block/cyan_glazed_terracotta",
                "y": 180
            },
            {
                "model": "block/cyan_glazed_terracotta_1",
                "y": 180
            }
        ],
        "facing=north": [
            {
                "model": "block/cyan_glazed_terracotta_wood",
                "y": 270
            },
            {
                "model": "block/cyan_glazed_terracotta_wood_1",
                "y": 270
            },
            {
                "model": "block/cyan_glazed_terracotta_wood_2",
                "y": 270
            }
        ],
        "facing=east": [
            {
                "model": "block/cyan_glazed_terracotta_wood"
            },
            {
                "model": "block/cyan_glazed_terracotta_wood_1"
            },
            {
                "model": "block/cyan_glazed_terracotta_wood_2"
            }
        ]
    }
}