{
    "variants": {
        "facing=north,half=bottom,open=false,powered=false": {
            "model": "block/trapdoor_small_gray_brick_bottom"
        },
        "facing=south,half=bottom,open=false,powered=false": {
            "model": "block/trapdoor_stonebrick_cracked_bottom"
        },
        "facing=east,half=bottom,open=false,powered=false": {
            "model": "block/trapdoor_stonebrick_chiseled_bottom"
        },
        "facing=west,half=bottom,open=false,powered=false": {
            "model": "block/trapdoor_mossy_large_gray_brick_bottom"
        },
        "facing=north,half=top,open=false,powered=false": {
            "model": "block/trapdoor_small_gray_brick_top"
        },
        "facing=south,half=top,open=false,powered=false": {
            "model": "block/trapdoor_stonebrick_cracked_top"
        },
        "facing=east,half=top,open=false,powered=false": {
            "model": "block/trapdoor_stonebrick_chiseled_top"
        },
        "facing=west,half=top,open=false,powered=false": {
            "model": "block/trapdoor_mossy_large_gray_brick_top"
        },
        "facing=north,half=bottom,open=true,powered=false": {
            "model": "block/trapdoor_smooth_gray_stone_open"
        },
        "facing=south,half=bottom,open=true,powered=false": {
            "model": "block/trapdoor_smooth_gray_stone_open",
            "y": 180
        },
        "facing=east,half=bottom,open=true,powered=false": {
            "model": "block/trapdoor_smooth_gray_stone_open",
            "y": 90
        },
        "facing=west,half=bottom,open=true,powered=false": {
            "model": "block/trapdoor_smooth_gray_stone_open",
            "y": 270
        },
        "facing=north,half=top,open=true,powered=false": {
            "model": "block/trapdoor_stonebrick_chiseled_open"
        },
        "facing=south,half=top,open=true,powered=false": {
            "model": "block/trapdoor_stonebrick_chiseled_open",
            "y": 180
        },
        "facing=east,half=top,open=true,powered=false": {
            "model": "block/trapdoor_stonebrick_chiseled_open",
            "y": 90
        },
        "facing=west,half=top,open=true,powered=false": {
            "model": "block/trapdoor_stonebrick_chiseled_open",
            "y": 270
        },
        "facing=north,half=bottom,open=false,powered=true": {
            "model": "block/trapdoor_large_gray_brick_bottom"
        },
        "facing=south,half=bottom,open=false,powered=true": {
            "model": "block/trapdoor_smooth_gray_stone_bottom"
        },
        "facing=east,half=bottom,open=false,powered=true": {
            "model": "block/trapdoor_smooth_light_gray_stone_bottom"
        },
        "facing=west,half=bottom,open=false,powered=true": {
            "model": "block/replace_thin_slab"
        },
        "facing=north,half=top,open=false,powered=true": {
            "model": "block/trapdoor_large_gray_brick_top"
        },
        "facing=south,half=top,open=false,powered=true": {
            "model": "block/trapdoor_smooth_gray_stone_top"
        },
        "facing=east,half=top,open=false,powered=true": {
            "model": "block/trapdoor_smooth_light_gray_stone_top"
        },
        "facing=west,half=top,open=false,powered=true": {
            "model": "block/replace_thin_slab", "x":180
        },
        "facing=north,half=bottom,open=true,powered=true": {
            "model": "block/trapdoor_stonebrick_cracked_open"
        },
        "facing=south,half=bottom,open=true,powered=true": {
            "model": "block/trapdoor_stonebrick_cracked_open",
            "y": 180
        },
        "facing=east,half=bottom,open=true,powered=true": {
            "model": "block/trapdoor_stonebrick_cracked_open",
            "y": 90
        },
        "facing=west,half=bottom,open=true,powered=true": {
            "model": "block/trapdoor_stonebrick_cracked_open",
            "y": 270
        },
        "facing=north,half=top,open=true,powered=true": {
            "model": "block/trapdoor_stonebrick_mossy_open"
        },
        "facing=south,half=top,open=true,powered=true": {
            "model": "block/trapdoor_stonebrick_mossy_open",
            "y": 180
        },
        "facing=east,half=top,open=true,powered=true": {
            "model": "block/trapdoor_stonebrick_mossy_open",
            "y": 90
        },
        "facing=west,half=top,open=true,powered=true": {
            "model": "block/trapdoor_stonebrick_mossy_open",
            "y": 270
        }
    }
}