{
    "variants": {
        "type=bottom": [
            {
                "model": "block/green_concrete_slab"
            },
            {
                "model": "block/green_concrete_slab_2"
            },
            {
                "model": "block/green_concrete_slab_3"
            },
            {
                "model": "block/gray_terracotta_slab"
            },
            {
                "model": "block/gray_terracotta_slab_2"
            },
            {
                "model": "block/gray_terracotta_slab_3"
            }
        ],
        "type=top": [
            {
                "model": "block/upper_slab_double_slab_planks_dark_oak"
            }
        ],
        "type=double": [
            {
                "model": "block/replace"
            }
        ]
    }
}