{
    "variants": {
        "inverted=true": {
            "model": "minecraft:block/replace_slab"
        },
        "inverted=false,power=0": {
            "model": "minecraft:block/daylight_detector"
        },
        "inverted=false,power=1": {
            "model": "minecraft:block/replace_slab"
        },
        "inverted=false,power=2": {
            "model": "minecraft:block/replace_slab"
        },
        "inverted=false,power=3": {
            "model": "minecraft:block/replace_slab"
        },
        "inverted=false,power=4": {
            "model": "minecraft:block/replace_slab"
        },
        "inverted=false,power=5": {
            "model": "minecraft:block/replace_slab"
        },
        "inverted=false,power=6": {
            "model": "minecraft:block/replace_slab"
        },
        "inverted=false,power=7": {
            "model": "minecraft:block/replace_slab"
        },
        "inverted=false,power=8": {
            "model": "minecraft:block/replace_slab"
        },
        "inverted=false,power=9": {
            "model": "minecraft:block/replace_slab"
        },
        "inverted=false,power=10": {
            "model": "minecraft:block/replace_slab"
        },
        "inverted=false,power=11": {
            "model": "minecraft:block/replace_slab"
        },
        "inverted=false,power=12": {
            "model": "minecraft:block/replace_slab"
        },
        "inverted=false,power=13": {
            "model": "minecraft:block/replace_slab"
        },
        "inverted=false,power=14": {
            "model": "minecraft:block/replace_slab"
        },
        "inverted=false,power=15": {
            "model": "minecraft:block/replace_slab"
        }
    }
}