{
    "variants": {
        "facing=north,waterlogged=false": [
            {
                "model": "minecraft:block/beam_horizontal_rusty_down",
                "y": 270
            },
            {
                "model": "minecraft:block/beam_horizontal_rusty_down_2",
                "y": 270
            },
            {
                "model": "minecraft:block/beam_horizontal_rusty_down_3",
                "y": 270
            }
        ],
        "facing=east,waterlogged=false": [
            {
                "model": "minecraft:block/beam_horizontal_rusty_down"
            },
            {
                "model": "minecraft:block/beam_horizontal_rusty_down_2"
            },
            {
                "model": "minecraft:block/beam_horizontal_rusty_down_3"
            }
        ],
        "facing=west,waterlogged=false": [
            {
                "model": "minecraft:block/beam_horizontal_rusty_down",
                "y": 180
            },
            {
                "model": "minecraft:block/beam_horizontal_rusty_down_2",
                "y": 180
            },
            {
                "model": "minecraft:block/beam_horizontal_rusty_down_3",
                "y": 180
            }
        ],
        "facing=south,waterlogged=false": [
            {
                "model": "minecraft:block/beam_horizontal_rusty_down",
                "y": 90
            },
            {
                "model": "minecraft:block/beam_horizontal_rusty_down_2",
                "y": 90
            },
            {
                "model": "minecraft:block/beam_horizontal_rusty_down_3",
                "y": 90
            }
        ]
    }
}