{
    "variants": {
        "": [
		{ "model": "mcme:block/dead_tube_coral_fan"  },
		{ "model": "mcme:block/dead_tube_coral_fan", "y":90  },
		{ "model": "mcme:block/dead_tube_coral_fan", "y":180  },
		{ "model": "mcme:block/dead_tube_coral_fan", "y":270  },
		{ "model": "mcme:block/dead_tube_coral_fan_2"  },
		{ "model": "mcme:block/dead_tube_coral_fan_2", "y":90  },
		{ "model": "mcme:block/dead_tube_coral_fan_2", "y":180  },
		{ "model": "mcme:block/dead_tube_coral_fan_2", "y":270  }
		]
    }
}