{
    "variants": {
        "": [
            {
                "model": "block/dead_horn_coral",
                "weight": 2
            },
            {
                "model": "block/dead_horn_coral",
                "y": 90,
                "weight": 2
            },
            {
                "model": "block/dead_horn_coral",
                "y": 180,
                "weight": 2
            },
            {
                "model": "block/dead_horn_coral",
                "y": 270,
                "weight": 2
            },
            {
                "model": "block/dead_horn_coral_1",
                "weight": 2
            },
            {
                "model": "block/dead_horn_coral_1",
                "y": 90,
                "weight": 2
            },
            {
                "model": "block/dead_horn_coral_1",
                "y": 180,
                "weight": 2
            },
            {
                "model": "block/dead_horn_coral_1",
                "y": 270,
                "weight": 2
            },
            {
                "model": "block/dead_horn_coral_2",
                "weight": 4
            },
            {
                "model": "block/dead_horn_coral_2",
                "y": 90,
                "weight": 4
            },
            {
                "model": "block/dead_horn_coral_2",
                "y": 180,
                "weight": 4
            },
            {
                "model": "block/dead_horn_coral_2",
                "y": 270,
                "weight": 4
            },
            {
                "model": "block/dead_horn_coral_3",
                "weight": 4
            },
            {
                "model": "block/dead_horn_coral_3",
                "y": 90,
                "weight": 4
            },
            {
                "model": "block/dead_horn_coral_3",
                "y": 180,
                "weight": 4
            },
            {
                "model": "block/dead_horn_coral_3",
                "y": 270,
                "weight": 4
            }
        ]
    }
}