{
    "variants": {
        "": [
            {
                "model": "mcme:block/floortwig"
            },
            {
                "model": "mcme:block/floortwig",
                "y": 90
            },
            {
                "model": "mcme:block/floortwig",
                "y": 180
            },
            {
                "model": "mcme:block/floortwig",
                "y": 270
            },
            {
                "model": "mcme:block/floortwig_2"
            },
            {
                "model": "mcme:block/floortwig_2",
                "y": 90
            },
            {
                "model": "mcme:block/floortwig_2",
                "y": 180
            },
            {
                "model": "mcme:block/floortwig_2",
                "y": 270
            },
            {
                "model": "mcme:block/floortwig_3"
            },
            {
                "model": "mcme:block/floortwig_3",
                "y": 90
            },
            {
                "model": "mcme:block/floortwig_3",
                "y": 180
            },
            {
                "model": "mcme:block/floortwig_3",
                "y": 270
            },
            {
                "model": "mcme:block/floortwig_4"
            },
            {
                "model": "mcme:block/floortwig_4",
                "y": 90
            },
            {
                "model": "mcme:block/floortwig_4",
                "y": 180
            },
            {
                "model": "mcme:block/floortwig_4",
                "y": 270
            },
            {
                "model": "mcme:block/floortwig_5"
            },
            {
                "model": "mcme:block/floortwig_5",
                "y": 90
            },
            {
                "model": "mcme:block/floortwig_5",
                "y": 180
            },
            {
                "model": "mcme:block/floortwig_5",
                "y": 270
            },
            {
                "model": "mcme:block/floortwig_6"
            },
            {
                "model": "mcme:block/floortwig_6",
                "y": 90
            },
            {
                "model": "mcme:block/floortwig_6",
                "y": 180
            },
            {
                "model": "mcme:block/floortwig_6",
                "y": 270
            },
            {
                "model": "mcme:block/floortwig_7"
            },
            {
                "model": "mcme:block/floortwig_7",
                "y": 90
            },
            {
                "model": "mcme:block/floortwig_7",
                "y": 180
            },
            {
                "model": "mcme:block/floortwig_7",
                "y": 270
            },
            {
                "model": "mcme:block/floortwig_8"
            },
            {
                "model": "mcme:block/floortwig_8",
                "y": 90
            },
            {
                "model": "mcme:block/floortwig_8",
                "y": 180
            },
            {
                "model": "mcme:block/floortwig_8",
                "y": 270
            }
        ]
    }
}