{
    "variants": {
        "": [
		{  "model": "minecraft:block/putrid_top_cover" },
		{  "model": "minecraft:block/putrid_top_cover", "y":90 },
		{  "model": "minecraft:block/putrid_top_cover", "y":180 },
		{  "model": "minecraft:block/putrid_top_cover", "y":270 },
		{  "model": "minecraft:block/putrid_top_cover_2" },
		{  "model": "minecraft:block/putrid_top_cover_2", "y":90 },
		{  "model": "minecraft:block/putrid_top_cover_2", "y":180 },
		{  "model": "minecraft:block/putrid_top_cover_2", "y":270 }
		]
    }
}