{
    "variants": {
        "facing=north,waterlogged=false": [
            {
                "model": "minecraft:block/beam_horizontal_rusty",
                "y": 270
            },
            {
                "model": "minecraft:block/beam_horizontal_rusty_2",
                "y": 270
            },
            {
                "model": "minecraft:block/beam_horizontal_rusty_3",
                "y": 270
            }
        ],
        "facing=east,waterlogged=false": [
            {
                "model": "minecraft:block/beam_horizontal_rusty"
            },
            {
                "model": "minecraft:block/beam_horizontal_rusty_2"
            },
            {
                "model": "minecraft:block/beam_horizontal_rusty_3"
            }
        ],
        "facing=west,waterlogged=false": [
            {
                "model": "minecraft:block/beam_horizontal_rusty",
                "y": 180
            },
            {
                "model": "minecraft:block/beam_horizontal_rusty_2",
                "y": 180
            },
            {
                "model": "minecraft:block/beam_horizontal_rusty_3",
                "y": 180
            }
        ],
        "facing=south,waterlogged=false": [
            {
                "model": "minecraft:block/beam_horizontal_rusty",
                "y": 90
            },
            {
                "model": "minecraft:block/beam_horizontal_rusty_2",
                "y": 90
            },
            {
                "model": "minecraft:block/beam_horizontal_rusty_3",
                "y": 90
            }
        ]
    }
}