{
    "variants": {
        "": [
            {
                "model": "block/dead_fire_coral"
            },
            {
                "model": "block/dead_fire_coral",
                "y": 90
            },
            {
                "model": "block/dead_fire_coral",
                "y": 180
            },
            {
                "model": "block/dead_fire_coral",
                "y": 270
            },
            {
                "model": "block/dead_fire_coral_1"
            },
            {
                "model": "block/dead_fire_coral_1",
                "y": 90
            },
            {
                "model": "block/dead_fire_coral_1",
                "y": 180
            },
            {
                "model": "block/dead_fire_coral_1",
                "y": 270
            },
            {
                "model": "block/dead_fire_coral_2"
            },
            {
                "model": "block/dead_fire_coral_2",
                "y": 90
            },
            {
                "model": "block/dead_fire_coral_2",
                "y": 180
            },
            {
                "model": "block/dead_fire_coral_2",
                "y": 270
            },
            {
                "model": "block/dead_fire_coral_3"
            },
            {
                "model": "block/dead_fire_coral_3",
                "y": 90
            },
            {
                "model": "block/dead_fire_coral_3",
                "y": 180
            },
            {
                "model": "block/dead_fire_coral_3",
                "y": 270
            }
        ]
    }
}