{
    "variants": {
        "type=bottom": [
            {
                "model": "minecraft:block/diabase_dark_slab"
            },
            {
                "model": "minecraft:block/diabase_dark_slab_2"
            },
            {
                "model": "minecraft:block/diabase_dark_slab_3"
            },
            {
                "model": "minecraft:block/diabase_dark_slab_4"
            },
            {
                "model": "minecraft:block/diabase_dark_slab_5"
            },
            {
                "model": "minecraft:block/diabase_dark_slab_6"
            }
        ],
        "type=double": {
            "model": "minecraft:block/replace"
        },
        "type=top": [
            {
                "model": "minecraft:block/diabase_dark_slab",
                "x": 180
            },
            {
                "model": "minecraft:block/diabase_dark_slab_2",
                "x": 180
            },
            {
                "model": "minecraft:block/diabase_dark_slab_3",
                "x": 180
            },
            {
                "model": "minecraft:block/diabase_dark_slab_4",
                "x": 180
            },
            {
                "model": "minecraft:block/diabase_dark_slab_5",
                "x": 180
            },
            {
                "model": "minecraft:block/diabase_dark_slab_6",
                "x": 180
            }
        ]
    }
}