{
    "variants": {
        "powered=false,shape=east_west": [
            {
                "model": "block/rope_flat"
            },
            {
                "model": "block/rope_flat_2"
            }
        ],
        "powered=false,shape=north_south": [
            {
                "model": "block/rope_flat",
                "y": 90
            },
            {
                "model": "block/rope_flat_2",
                "y": 90
            }
        ],
        "powered=false,shape=ascending_east": {
            "model": "block/rope_asc"
        },
        "powered=false,shape=ascending_west": {
            "model": "block/rope_asc",
            "y": 180
        },
        "powered=false,shape=ascending_north": {
            "model": "block/rope_asc",
            "y": 270
        },
        "powered=false,shape=ascending_south": {
            "model": "block/rope_asc",
            "y": 90
        },
        "powered=true,shape=east_west": {
            "model": "block/rope_diagonal"
        },
        "powered=true,shape=north_south": {
            "model": "block/rope_diagonal",
            "y": 90
        },
        "powered=true,shape=ascending_north": [
            {
                "model": "block/rope_flat",
                "y": 270
            },
            {
                "model": "block/rope_flat_2",
                "y": 270
            }
        ],
        "powered=true,shape=ascending_south": [
            {
                "model": "block/rope_flat",
                "y": 180
            },
            {
                "model": "block/rope_flat_2",
                "y": 180
            }
        ],
        "powered=true,shape=ascending_east": [
            {
                "model": "block/rope"
            },
            {
                "model": "block/rope_2"
            }
        ],
        "powered=true,shape=ascending_west": [
            {
                "model": "mcme:block/rope_2wide_diag", "y":180
            }
        ]
    }
}