{
    "variants": {
        "": [
            {
                "model": "block/diorite"
            },
            {
                "model": "block/diorite_1"
            },
            {
                "model": "block/diorite_2"
            },
            {
                "model": "block/diorite_3"
            },
            {
                "model": "block/diorite_4"
            },
            {
                "model": "block/diorite_5"
            },
            {
                "model": "block/diorite_6"
            }
        ]
    }
}