{
    "variants": {
        "": [
            {
                "model": "block/dirt"
            },
            {
                "model": "block/dirt",
                "y": 90
            },
            {
                "model": "block/dirt",
                "y": 180
            },
            {
                "model": "block/dirt",
                "y": 270
            },
            {
                "model": "block/dirt_2"
            },
            {
                "model": "block/dirt_2",
                "y": 90
            },
            {
                "model": "block/dirt_2",
                "y": 180
            },
            {
                "model": "block/dirt_2",
                "y": 270
            }
        ]
    }
}