{
    "variants": {
        "": [
            {
                "model": "minecraft:block/replace_path_block"
            },
            {
                "model": "minecraft:block/replace_path_block",
                "y": 90
            },
            {
                "model": "minecraft:block/replace_path_block",
                "y": 180
            },
            {
                "model": "minecraft:block/replace_path_block",
                "y": 270
            }
        ]
    }
}