{
    "variants": {
        "": [
            {
                "model": "minecraft:block/fletching_table"
            },
            {
                "model": "minecraft:block/fletching_table_2"
            },
            {
                "model": "minecraft:block/fletching_table_3"
            },
            {
                "model": "minecraft:block/fletching_table_4"
            },
            {
                "model": "minecraft:block/fletching_table_5"
            },
            {
                "model": "minecraft:block/fletching_table_6"
            },
            {
                "model": "minecraft:block/fletching_table_7"
            }
        ]
    }
}