{
    "multipart": [
        {
            "apply": {
                "model": "minecraft:block/replace_luminous_plane"
            },
            "when": {
                "north": "true"
            }
        },
        {
            "apply": {
                "model": "minecraft:block/replace_luminous_plane"
            },
            "when": {
                "down": "false",
                "east": "false",
                "north": "false",
                "south": "false",
                "up": "false",
                "west": "false"
            }
        },
        {
            "apply": {
                "model": "minecraft:block/replace_luminous_plane",
                "uvlock": true,
                "y": 90
            },
            "when": {
                "east": "true"
            }
        },
        {
            "apply": {
                "model": "minecraft:block/replace_luminous_plane",
                "uvlock": true,
                "y": 90
            },
            "when": {
                "down": "false",
                "east": "false",
                "north": "false",
                "south": "false",
                "up": "false",
                "west": "false"
            }
        },
        {
            "apply": {
                "model": "minecraft:block/replace_luminous_plane",
                "uvlock": true,
                "y": 180
            },
            "when": {
                "south": "true"
            }
        },
        {
            "apply": {
                "model": "minecraft:block/replace_luminous_plane",
                "uvlock": true,
                "y": 180
            },
            "when": {
                "down": "false",
                "east": "false",
                "north": "false",
                "south": "false",
                "up": "false",
                "west": "false"
            }
        },
        {
            "apply": {
                "model": "minecraft:block/replace_luminous_plane",
                "uvlock": true,
                "y": 270
            },
            "when": {
                "west": "true"
            }
        },
        {
            "apply": {
                "model": "minecraft:block/replace_luminous_plane",
                "uvlock": true,
                "y": 270
            },
            "when": {
                "down": "false",
                "east": "false",
                "north": "false",
                "south": "false",
                "up": "false",
                "west": "false"
            }
        },
        {
            "apply": {
                "model": "minecraft:block/replace_luminous_plane",
                "uvlock": true,
                "x": 270
            },
            "when": {
                "up": "true"
            }
        },
        {
            "apply": {
                "model": "minecraft:block/replace_luminous_plane",
                "uvlock": true,
                "x": 270
            },
            "when": {
                "down": "false",
                "east": "false",
                "north": "false",
                "south": "false",
                "up": "false",
                "west": "false"
            }
        },
        {
            "apply": {
                "model": "minecraft:block/replace_luminous_plane",
                "uvlock": true,
                "x": 90
            },
            "when": {
                "down": "true"
            }
        },
        {
            "apply": {
                "model": "minecraft:block/replace_luminous_plane",
                "uvlock": true,
                "x": 90
            },
            "when": {
                "down": "false",
                "east": "false",
                "north": "false",
                "south": "false",
                "up": "false",
                "west": "false"
            }
        }
    ]
}