{
    "variants": {
        "": [
            {
                "model": "block/gravel"
            },
            {
                "model": "block/gravel",
                "y": 90
            },
            {
                "model": "block/gravel",
                "y": 180
            },
            {
                "model": "block/gravel",
                "y": 270
            },
            {
                "model": "block/gravel_2"
            },
            {
                "model": "block/gravel_2",
                "y": 90
            },
            {
                "model": "block/gravel_2",
                "y": 180
            },
            {
                "model": "block/gravel_2",
                "y": 270
            },
            {
                "model": "block/gravel_3"
            },
            {
                "model": "block/gravel_3",
                "y": 90
            },
            {
                "model": "block/gravel_3",
                "y": 180
            },
            {
                "model": "block/gravel_3",
                "y": 270
            },
            {
                "model": "block/gravel_4"
            },
            {
                "model": "block/gravel_4",
                "y": 90
            },
            {
                "model": "block/gravel_4",
                "y": 180
            },
            {
                "model": "block/gravel_4",
                "y": 270
            },
            {
                "model": "block/gravel_5"
            },
            {
                "model": "block/gravel_5",
                "y": 90
            },
            {
                "model": "block/gravel_5",
                "y": 180
            },
            {
                "model": "block/gravel_5",
                "y": 270
            },
            {
                "model": "block/gravel_6"
            },
            {
                "model": "block/gravel_6",
                "y": 90
            },
            {
                "model": "block/gravel_6",
                "y": 180
            },
            {
                "model": "block/gravel_6",
                "y": 270
            }
        ]
    }
}