{
    "variants": {
        "facing=south": [
            {
                "model": "block/gray_glazed_terracotta",
                "y": 90
            },
            {
                "model": "block/gray_glazed_terracotta_1",
                "y": 90
            }
        ],
        "facing=west": [
            {
                "model": "block/gray_glazed_terracotta",
                "y": 180
            },
            {
                "model": "block/gray_glazed_terracotta_1",
                "y": 180
            }
        ],
        "facing=north": [
            {
                "model": "block/gray_glazed_terracotta",
                "y": 270
            },
            {
                "model": "block/gray_glazed_terracotta_1",
                "y": 270
            }
        ],
        "facing=east": [
            {
                "model": "block/gray_glazed_terracotta"
            },
            {
                "model": "block/gray_glazed_terracotta_1"
            }
        ]
    }
}