{
    "variants": {
        "": [
            {
                "model": "block/green_concrete_powder"
            },
            {
                "model": "block/green_concrete_powder",
                "y": 90
            },
            {
                "model": "block/green_concrete_powder",
                "y": 180
            },
            {
                "model": "block/green_concrete_powder",
                "y": 270
            },
            {
                "model": "block/green_concrete_powder_2"
            },
            {
                "model": "block/green_concrete_powder_2",
                "y": 90
            },
            {
                "model": "block/green_concrete_powder_2",
                "y": 180
            },
            {
                "model": "block/green_concrete_powder_2",
                "y": 270
            },
            {
                "model": "block/green_concrete_powder_3"
            },
            {
                "model": "block/green_concrete_powder_3",
                "y": 90
            },
            {
                "model": "block/green_concrete_powder_3",
                "y": 180
            },
            {
                "model": "block/green_concrete_powder_3",
                "y": 270
            },
            {
                "model": "block/green_concrete_powder_4"
            },
            {
                "model": "block/green_concrete_powder_4",
                "y": 90
            },
            {
                "model": "block/green_concrete_powder_4",
                "y": 180
            },
            {
                "model": "block/green_concrete_powder_4",
                "y": 270
            },
            {
                "model": "block/green_concrete_powder_5"
            },
            {
                "model": "block/green_concrete_powder_5",
                "y": 90
            },
            {
                "model": "block/green_concrete_powder_5",
                "y": 180
            },
            {
                "model": "block/green_concrete_powder_5",
                "y": 270
            },
            {
                "model": "block/green_concrete_powder_6"
            },
            {
                "model": "block/green_concrete_powder_6",
                "y": 90
            },
            {
                "model": "block/green_concrete_powder_6",
                "y": 180
            },
            {
                "model": "block/green_concrete_powder_6",
                "y": 270
            }
        ]
    }
}