{
    "variants": {
        "face=ceiling,facing=east": {
            "model": "minecraft:block/replace_fence",
            "x": 180,
            "y": 270
        },
        "face=ceiling,facing=north": {
            "model": "minecraft:block/replace_fence",
            "x": 180,
            "y": 180
        },
        "face=ceiling,facing=south": {
            "model": "minecraft:block/replace_fence",
            "x": 180
        },
        "face=ceiling,facing=west": {
            "model": "minecraft:block/replace_fence",
            "x": 180,
            "y": 90
        },
        "face=floor,facing=east": {
            "model": "minecraft:block/replace_fence",
            "y": 90
        },
        "face=floor,facing=north": {
            "model": "minecraft:block/replace_fence"
        },
        "face=floor,facing=south": {
            "model": "minecraft:block/replace_fence",
            "y": 180
        },
        "face=floor,facing=west": {
            "model": "minecraft:block/replace_fence",
            "y": 270
        },
        "face=wall,facing=east": {
            "model": "minecraft:block/replace_fence",
            "x": 90,
            "y": 90
        },
        "face=wall,facing=north": {
            "model": "minecraft:block/replace_fence",
            "x": 90
        },
        "face=wall,facing=south": {
            "model": "minecraft:block/replace_fence",
            "x": 90,
            "y": 180
        },
        "face=wall,facing=west": {
            "model": "minecraft:block/replace_fence",
            "x": 90,
            "y": 270
        }
    }
}