{
    "variants": {
        "power=0": [
		{"model": "block/sharp_boulder"},
		{"model": "block/sharp_boulder", "y": 90},
		{"model": "block/sharp_boulder", "y": 180},
		{"model": "block/sharp_boulder", "y": 270},
		{"model": "block/sharp_boulder_2"},
		{"model": "block/sharp_boulder_2", "y": 90},
		{"model": "block/sharp_boulder_2", "y": 180},
		{"model": "block/sharp_boulder_2", "y": 270},
		{"model": "block/sharp_boulder_3"},
		{"model": "block/sharp_boulder_3", "y": 90},
		{"model": "block/sharp_boulder_3", "y": 180},
		{"model": "block/sharp_boulder_3", "y": 270}
        ],
        "power=1": [
		{"model": "block/dark_boulder"},
		{"model": "block/dark_boulder", "y": 90},
		{"model": "block/dark_boulder", "y": 180},
		{"model": "block/dark_boulder", "y": 270}
        ],
        "power=2": {
            "model": "block/replace_pressure_plate"
        },
        "power=3": {
            "model": "block/replace_pressure_plate"
        },
        "power=4": {
            "model": "block/replace_pressure_plate"
        },
        "power=5": {
            "model": "block/replace_pressure_plate"
        },
        "power=6": {
            "model": "block/replace_pressure_plate"
        },
        "power=7": {
            "model": "block/replace_pressure_plate"
        },
        "power=8": {
            "model": "block/replace_pressure_plate"
        },
        "power=9": {
            "model": "block/replace_pressure_plate"
        },
        "power=10": {
            "model": "block/replace_pressure_plate"
        },
        "power=11": {
            "model": "block/replace_pressure_plate"
        },
        "power=12": {
            "model": "block/replace_pressure_plate"
        },
        "power=13": {
            "model": "block/replace_pressure_plate"
        },
        "power=14": {
            "model": "block/replace_pressure_plate"
        },
        "power=15": {
            "model": "block/replace_pressure_plate"
        }
    }
}