{
    "variants": {
        "facing=down": {
            "model": "minecraft:block/replace_fence"
        },
        "facing=east": {
            "model": "minecraft:block/replace_fence",
            "y": 90
        },
        "facing=north": {
            "model": "minecraft:block/replace_fence"
        },
        "facing=south": {
            "model": "minecraft:block/replace_fence",
            "y": 180
        },
        "facing=west": {
            "model": "minecraft:block/replace_fence",
            "y": 270
        }
    }
}