{
    "variants": {
        "": [
		{ "model": "mcme:block/putrid_sticks" },
		{ "model": "mcme:block/putrid_sticks", "y":90 },
		{ "model": "mcme:block/putrid_sticks", "y":180 },
		{ "model": "mcme:block/putrid_sticks", "y":270 },
		{ "model": "mcme:block/putrid_sticks_2" },
		{ "model": "mcme:block/putrid_sticks_2", "y":90 },
		{ "model": "mcme:block/putrid_sticks_2", "y":180 },
		{ "model": "mcme:block/putrid_sticks_2", "y":270 },
		{ "model": "mcme:block/putrid_sticks_3" },
		{ "model": "mcme:block/putrid_sticks_3", "y":90 },
		{ "model": "mcme:block/putrid_sticks_3", "y":180 },
		{ "model": "mcme:block/putrid_sticks_3", "y":270 },
		{ "model": "mcme:block/putrid_sticks_4" },
		{ "model": "mcme:block/putrid_sticks_4", "y":90 },
		{ "model": "mcme:block/putrid_sticks_4", "y":180 },
		{ "model": "mcme:block/putrid_sticks_4", "y":270 },
		{ "model": "mcme:block/putrid_sticks_5" },
		{ "model": "mcme:block/putrid_sticks_5", "y":90 },
		{ "model": "mcme:block/putrid_sticks_5", "y":180 },
		{ "model": "mcme:block/putrid_sticks_5", "y":270 },
		{ "model": "mcme:block/putrid_sticks_6" },
		{ "model": "mcme:block/putrid_sticks_6", "y":90 },
		{ "model": "mcme:block/putrid_sticks_6", "y":180 },
		{ "model": "mcme:block/putrid_sticks_6", "y":270 }
		]
    }
}