{
    "variants": {
        "facing=north,half=bottom,open=false,powered=false": {
            "model": "block/iron_trapdoor_bottom_n"
        },
        "facing=south,half=bottom,open=false,powered=false": [
            {
                "model": "block/iron_trapdoor_bottom_s"
            },
            {
                "model": "block/iron_trapdoor_bottom_s_2"
            },
            {
                "model": "block/iron_trapdoor_bottom_s_3"
            },
            {
                "model": "block/iron_trapdoor_bottom_s_4"
            },
            {
                "model": "block/iron_trapdoor_bottom_s_5"
            }
        ],
        "facing=east,half=bottom,open=false,powered=false": {
            "model": "block/iron_trapdoor_bottom_e"
        },
        "facing=west,half=bottom,open=false,powered=false": [
            {
                "model": "block/iron_trapdoor_bottom_w"
            },
            {
                "model": "block/iron_trapdoor_bottom_w_2"
            },
            {
                "model": "block/iron_trapdoor_bottom_w_3"
            },
            {
                "model": "block/iron_trapdoor_bottom_w_4"
            },
            {
                "model": "block/iron_trapdoor_bottom_w_5"
            }
        ],
        "facing=north,half=top,open=false,powered=false": {
            "model": "block/iron_trapdoor_top_n"
        },
        "facing=south,half=top,open=false,powered=false": [
            {
                "model": "block/iron_trapdoor_top_s"
            },
            {
                "model": "block/iron_trapdoor_top_s_2"
            },
            {
                "model": "block/iron_trapdoor_top_s_3"
            },
            {
                "model": "block/iron_trapdoor_top_s_4"
            },
            {
                "model": "block/iron_trapdoor_top_s_5"
            }
        ],
        "facing=east,half=top,open=false,powered=false": {
            "model": "block/iron_trapdoor_top_e"
        },
        "facing=west,half=top,open=false,powered=false": [
            {
                "model": "block/iron_trapdoor_top_w"
            },
            {
                "model": "block/iron_trapdoor_top_w_2"
            },
            {
                "model": "block/iron_trapdoor_top_w_3"
            },
            {
                "model": "block/iron_trapdoor_top_w_4"
            },
            {
                "model": "block/iron_trapdoor_top_w_5"
            }
        ],
        "facing=north,half=bottom,open=true,powered=false": {
            "model": "block/iron_trapdoor_bottom_open"
        },
        "facing=south,half=bottom,open=true,powered=false": {
            "model": "block/iron_trapdoor_bottom_open",
            "y": 180
        },
        "facing=east,half=bottom,open=true,powered=false": {
            "model": "block/iron_trapdoor_bottom_open",
            "y": 90
        },
        "facing=west,half=bottom,open=true,powered=false": {
            "model": "block/iron_trapdoor_bottom_open",
            "y": 270
        },
        "facing=north,half=top,open=true,powered=false": [
            {
                "model": "block/iron_trapdoor_top_open"
            },
            {
                "model": "block/iron_trapdoor_top_open_2"
            },
            {
                "model": "block/iron_trapdoor_top_open_3"
            },
            {
                "model": "block/iron_trapdoor_top_open_4"
            },
            {
                "model": "block/iron_trapdoor_top_open_5"
            }
        ],
        "facing=south,half=top,open=true,powered=false": [
            {
                "model": "block/iron_trapdoor_top_open",
                "y": 180
            },
            {
                "model": "block/iron_trapdoor_top_open_2",
                "y": 180
            },
            {
                "model": "block/iron_trapdoor_top_open_3",
                "y": 180
            },
            {
                "model": "block/iron_trapdoor_top_open_4",
                "y": 180
            },
            {
                "model": "block/iron_trapdoor_top_open_5",
                "y": 180
            }
        ],
        "facing=east,half=top,open=true,powered=false": [
            {
                "model": "block/iron_trapdoor_top_open",
                "y": 90
            },
            {
                "model": "block/iron_trapdoor_top_open_2",
                "y": 90
            },
            {
                "model": "block/iron_trapdoor_top_open_3",
                "y": 90
            },
            {
                "model": "block/iron_trapdoor_top_open_4",
                "y": 90
            },
            {
                "model": "block/iron_trapdoor_top_open_5",
                "y": 90
            }
        ],
        "facing=west,half=top,open=true,powered=false": [
            {
                "model": "block/iron_trapdoor_top_open",
                "y": 270
            },
            {
                "model": "block/iron_trapdoor_top_open_2",
                "y": 270
            },
            {
                "model": "block/iron_trapdoor_top_open_3",
                "y": 270
            },
            {
                "model": "block/iron_trapdoor_top_open_4",
                "y": 270
            },
            {
                "model": "block/iron_trapdoor_top_open_5",
                "y": 270
            }
        ],
        "facing=north,half=bottom,open=false,powered=true": {
            "model": "block/trapdoor_red_nether_brick_bottom"
        },
        "facing=south,half=bottom,open=false,powered=true": {
            "model": "block/trapdoor_brown_brick_bottom"
        },
        "facing=east,half=bottom,open=false,powered=true": {
            "model": "block/replace_thin_slab"
        },
        "facing=west,half=bottom,open=false,powered=true": {
            "model": "block/trapdoor_mossy_brown_brick_bottom"
        },
        "facing=north,half=top,open=false,powered=true": {
            "model": "block/trapdoor_red_nether_brick_top"
        },
        "facing=south,half=top,open=false,powered=true": {
            "model": "block/trapdoor_double_slab_nether_brick_seamless_top"
        },
        "facing=east,half=top,open=false,powered=true": {
            "model": "block/replace_thin_slab",
            "x": 180
        },
        "facing=west,half=top,open=false,powered=true": {
            "model": "block/trapdoor_double_slab_nether_brick_top"
        },
        "facing=north,half=bottom,open=true,powered=true": {
            "model": "block/trapdoor_red_nether_brick_open"
        },
        "facing=south,half=bottom,open=true,powered=true": {
            "model": "block/trapdoor_red_nether_brick_open",
            "y": 180
        },
        "facing=east,half=bottom,open=true,powered=true": {
            "model": "block/trapdoor_red_nether_brick_open",
            "y": 90
        },
        "facing=west,half=bottom,open=true,powered=true": {
            "model": "block/trapdoor_red_nether_brick_open",
            "y": 270
        },
        "facing=north,half=top,open=true,powered=true": {
            "model": "block/trapdoor_double_slab_nether_brick_open"
        },
        "facing=south,half=top,open=true,powered=true": {
            "model": "block/trapdoor_double_slab_nether_brick_open",
            "y": 180
        },
        "facing=east,half=top,open=true,powered=true": {
            "model": "block/trapdoor_double_slab_nether_brick_open",
            "y": 90
        },
        "facing=west,half=top,open=true,powered=true": {
            "model": "block/trapdoor_double_slab_nether_brick_open",
            "y": 270
        }
    }
}