{
    "variants": {
        "half=lower": {
            "model": "minecraft:block/unused_cross_cutout"
        },
        "half=upper": [
	{ "model": "mcme:block/charred_fern" },
	{ "model": "mcme:block/charred_fern", "y": 90 },
	{ "model": "mcme:block/charred_fern", "y": 180 },
	{ "model": "mcme:block/charred_fern", "y": 270 },
	{ "model": "mcme:block/charred_fern_2" },
	{ "model": "mcme:block/charred_fern_2", "y": 90 },
	{ "model": "mcme:block/charred_fern_2", "y": 180 },
	{ "model": "mcme:block/charred_fern_2", "y": 270 },
	{ "model": "mcme:block/charred_fern_3" },
	{ "model": "mcme:block/charred_fern_3", "y": 90 },
	{ "model": "mcme:block/charred_fern_3", "y": 180 },
	{ "model": "mcme:block/charred_fern_3", "y": 270 },
	{ "model": "mcme:block/charred_fern_4" },
	{ "model": "mcme:block/charred_fern_4", "y": 90 },
	{ "model": "mcme:block/charred_fern_4", "y": 180 },
	{ "model": "mcme:block/charred_fern_4", "y": 270 }
		]
    }
}