{
    "variants": {
        "facing=south": [
            {
                "model": "block/light_gray_glazed_terracotta_ne"
            },
            {
                "model": "block/light_gray_glazed_terracotta_ne_2"
            }
        ],
        "facing=east": [
            {
                "model": "block/light_gray_glazed_terracotta_ne",
                "y": 90
            },
            {
                "model": "block/light_gray_glazed_terracotta_ne_2",
                "y": 90
            }
        ],
        "facing=north": [
            {
                "model": "block/light_gray_glazed_terracotta_sw"
            },
            {
                "model": "block/light_gray_glazed_terracotta_sw_1"
            }
        ],
        "facing=west": [
            {
                "model": "block/light_gray_glazed_terracotta_sw",
                "y": 90
            },
            {
                "model": "block/light_gray_glazed_terracotta_sw_1",
                "y": 90
            }
        ]
    }
}