{
  "variants": {
    "power\u003d0": {
      "model": "block/light_weighted_pressure_plate"
    },
    "power\u003d1": [
		{ "model": "block/bread" },
		{ "model": "block/bread", "y": 90 },
		{ "model": "block/bread", "y": 180 },
		{ "model": "block/bread", "y": 270 },
		{ "model": "block/bread_2"},
		{ "model": "block/bread_2", "y": 90 },
		{ "model": "block/bread_2", "y": 180 },
		{ "model": "block/bread_2", "y": 270 },
		{ "model": "block/bread_3"},
		{ "model": "block/bread_3", "y": 90 },
		{ "model": "block/bread_3", "y": 180 },
		{ "model": "block/bread_3", "y": 270 },
		{ "model": "block/bread_4"},
		{ "model": "block/bread_4", "y": 90 },
		{ "model": "block/bread_4", "y": 180 },
		{ "model": "block/bread_4", "y": 270 }
		],
    "power\u003d2": [
	{ "model": "block/plate_1" },
	{ "model": "block/plate_1", "y":90 },
	{ "model": "block/plate_1", "y":180 },
	{ "model": "block/plate_1", "y":270 },
	{ "model": "block/plate_1_2" },
	{ "model": "block/plate_1_2", "y":90 },
	{ "model": "block/plate_1_2", "y":180 },
	{ "model": "block/plate_1_2", "y":270 }
	],
    "power\u003d3": [
	{ "model": "block/plate_2" },
	{ "model": "block/plate_2", "y":90 },
	{ "model": "block/plate_2", "y":180 },
	{ "model": "block/plate_2", "y":270 },
	{ "model": "block/plate_2_2" },
	{ "model": "block/plate_2_2", "y":90 },
	{ "model": "block/plate_2_2", "y":180 },
	{ "model": "block/plate_2_2", "y":270 }
	],
    "power\u003d4": [
	{ "model": "block/plate_cutlery" },
	{ "model": "block/plate_cutlery_2" }
	],
    "power\u003d5": [
	{ "model": "block/plate_cutlery", "y": 90 },
	{ "model": "block/plate_cutlery_2", "y": 90 }
	],
    "power\u003d6": [
	{ "model": "block/plate_cutlery", "y": 180 },
	{ "model": "block/plate_cutlery_2", "y": 180 }
	],
    "power\u003d7": [
	{ "model": "block/plate_cutlery", "y": 270 },
	{ "model": "block/plate_cutlery_2", "y": 270 }
	],
    "power\u003d8": [
      {"model": "minecraft:block/book_stack"},
      {"model": "minecraft:block/book_stack", "y": 90},
      {"model": "minecraft:block/book_stack", "y": 180},
      {"model": "minecraft:block/book_stack", "y": 270},
	  {"model": "minecraft:block/book_stack_2"},
      {"model": "minecraft:block/book_stack_2", "y": 90},
      {"model": "minecraft:block/book_stack_2", "y": 180},
      {"model": "minecraft:block/book_stack_2", "y": 270},
	  {"model": "minecraft:block/book_stack_3"},
      {"model": "minecraft:block/book_stack_3", "y": 90},
      {"model": "minecraft:block/book_stack_3", "y": 180},
      {"model": "minecraft:block/book_stack_3", "y": 270}
  ],
    "power\u003d9": [
      { "model": "block/pot", "weight": 2 },
	  { "model": "block/pot", "weight": 2, "y": 90 },
	  { "model": "block/pot", "weight": 2, "y": 180 },
	  { "model": "block/pot", "weight": 2, "y": 270 },
      { "model": "block/pot_10", "weight": 2 },
	  { "model": "block/pot_10", "weight": 2, "y": 90 },
	  { "model": "block/pot_10", "weight": 2, "y": 180 },
	  { "model": "block/pot_10", "weight": 2, "y": 270 },
      { "model": "block/pot_5", "weight": 2 },
	  { "model": "block/pot_5", "weight": 2, "y": 90  },
	  { "model": "block/pot_5", "weight": 2, "y": 180  },
	  { "model": "block/pot_5", "weight": 2, "y": 270  },
      { "model": "block/pot_6", "weight": 2 },
	  { "model": "block/pot_6", "weight": 2, "y": 90  },
	  { "model": "block/pot_6", "weight": 2, "y": 180  },
	  { "model": "block/pot_6", "weight": 2, "y": 270  },
      { "model": "block/pot_8", "weight": 2 },
	  { "model": "block/pot_8", "weight": 2, "y": 90 },
	  { "model": "block/pot_8", "weight": 2, "y": 180 },
	  { "model": "block/pot_8", "weight": 2, "y": 270 },
      { "model": "block/pot_9", "weight": 2 },
      { "model": "block/pot_9", "weight": 2, "y": 90 },
      { "model": "block/pot_9", "weight": 2, "y": 180 },
      { "model": "block/pot_9", "weight": 2, "y": 270 }
    ],
    "power\u003d10": [
      { "model": "block/pot_2", "weight": 3 },
	  { "model": "block/pot_2", "weight": 3, "y": 90 },
	  { "model": "block/pot_2", "weight": 3, "y": 180 },
	  { "model": "block/pot_2", "weight": 3, "y": 270 },
      { "model": "block/pot_3", "weight": 3 },
	  { "model": "block/pot_3", "weight": 3, "y": 90 },
	  { "model": "block/pot_3", "weight": 3, "y": 180 },
	  { "model": "block/pot_3", "weight": 3, "y": 270 },
      { "model": "block/pot_4", "weight": 3 },
	  { "model": "block/pot_4", "weight": 3, "y": 90 },
	  { "model": "block/pot_4", "weight": 3, "y": 180 },
	  { "model": "block/pot_4", "weight": 3, "y": 270 },
      { "model": "block/pot_7", "weight": 2 },
	  { "model": "block/pot_7", "weight": 2, "y": 90 },
	  { "model": "block/pot_7", "weight": 2, "y": 180 },
	  { "model": "block/pot_7", "weight": 2, "y": 270 }
    ],
    "power\u003d11": [
		{ "model": "block/plate_stack" },
		{ "model": "block/plate_stack", "y": 90 },
		{ "model": "block/plate_stack", "y": 180 },
		{ "model": "block/plate_stack", "y": 270 },
		{ "model": "block/plate_stack_2"},
		{ "model": "block/plate_stack_2", "y": 90 },
		{ "model": "block/plate_stack_2", "y": 180 },
		{ "model": "block/plate_stack_2", "y": 270 },
		{ "model": "block/plate_stack_3"},
		{ "model": "block/plate_stack_3", "y": 90 },
		{ "model": "block/plate_stack_3", "y": 180 },
		{ "model": "block/plate_stack_3", "y": 270 },
		{ "model": "block/plate_stack_4"},
		{ "model": "block/plate_stack_4", "y": 90 },
		{ "model": "block/plate_stack_4", "y": 180 },
		{ "model": "block/plate_stack_4", "y": 270 }
		],
    "power\u003d12": [
	{ "model": "block/pan" },
	{ "model": "block/pan", "y":90 },
	{ "model": "block/pan", "y":180 },
	{ "model": "block/pan", "y":270 },
	{ "model": "block/pan_3" },
	{ "model": "block/pan_3", "y":90 },
	{ "model": "block/pan_3", "y":180 },
	{ "model": "block/pan_3", "y":270 }
	],
    "power\u003d13": [
	{ "model": "block/pan_2" },
	{ "model": "block/pan_2", "y":90 },
	{ "model": "block/pan_2", "y":180 },
	{ "model": "block/pan_2", "y":270 },
	{ "model": "block/pan_4" },
	{ "model": "block/pan_4", "y":90 },
	{ "model": "block/pan_4", "y":180 },
	{ "model": "block/pan_4", "y":270 }
	],
    "power\u003d14": [
	{ "model": "block/chopping_block" },
	{ "model": "block/chopping_block", "y":90 },
	{ "model": "block/chopping_block", "y":180 },
	{ "model": "block/chopping_block", "y":270 },
	{ "model": "block/chopping_block_2" },
	{ "model": "block/chopping_block_2", "y":90 },
	{ "model": "block/chopping_block_2", "y":180 },
	{ "model": "block/chopping_block_2", "y":270 }],
    "power\u003d15": [
	{ "model": "block/paper_stack"},
	{ "model": "block/paper_stack", "y":90},
	{ "model": "block/paper_stack", "y":180},
	{ "model": "block/paper_stack", "y":270}
	]
}
}