{
    "variants": {
        "facing=down,powered=false": {
            "model": "minecraft:block/replace_fence",
            "x": 180
        },
        "facing=down,powered=true": {
            "model": "minecraft:block/replace_fence",
            "x": 180
        },
        "facing=east,powered=false": {
            "model": "minecraft:block/replace_fence",
            "x": 90,
            "y": 90
        },
        "facing=east,powered=true": {
            "model": "minecraft:block/replace_fence",
            "x": 90,
            "y": 90
        },
        "facing=north,powered=false": {
            "model": "minecraft:block/replace_fence",
            "x": 90
        },
        "facing=north,powered=true": {
            "model": "minecraft:block/replace_fence",
            "x": 90
        },
        "facing=south,powered=false": {
            "model": "minecraft:block/replace_fence",
            "x": 90,
            "y": 180
        },
        "facing=south,powered=true": {
            "model": "minecraft:block/replace_fence",
            "x": 90,
            "y": 180
        },
        "facing=up,powered=false": {
            "model": "minecraft:block/replace_fence"
        },
        "facing=up,powered=true": {
            "model": "minecraft:block/replace_fence"
        },
        "facing=west,powered=false": {
            "model": "minecraft:block/replace_fence",
            "x": 90,
            "y": 270
        },
        "facing=west,powered=true": {
            "model": "minecraft:block/replace_fence",
            "x": 90,
            "y": 270
        }
    }
}