{
  "variants": {
    "": [
	{ "model": "block/stool" },
	  { "model": "block/stool", "y": 90 },
	  { "model": "block/stool", "y": 180 },
	  { "model": "block/stool", "y": 270 },
	   { "model": "block/stool_2" },
	  { "model": "block/stool_2", "y": 90 },
	  { "model": "block/stool_2", "y": 180 },
	  { "model": "block/stool_2", "y": 270 },
	  { "model": "block/stool_3" },
	  { "model": "block/stool_3", "y": 90 },
	  { "model": "block/stool_3", "y": 180 },
	  { "model": "block/stool_3", "y": 270 },
	  { "model": "block/stool_4" },
	  { "model": "block/stool_4", "y": 90 },
	  { "model": "block/stool_4", "y": 180 },
	  { "model": "block/stool_4", "y": 270 },
	  { "model": "block/stool_5" },
	  { "model": "block/stool_5", "y": 90 },
	  { "model": "block/stool_5", "y": 180 },
	  { "model": "block/stool_5", "y": 270 }
    ]
  }
}
