{
  "multipart": [
    {
      "when": {
        "facing": "south",
        "in_wall": "false",
        "open": "false",
        "powered": "false"
      },
      "apply": {
        "model": "block/vertical_slab_dark_gray_brick",
        "uvlock": true
      }
    },
    {
      "when": {
        "facing": "west",
        "in_wall": "false",
        "open": "false",
        "powered": "false"
      },
      "apply": {
        "model": "block/vertical_slab_dark_gray_brick",
        "uvlock": true,
        "y": 90
      }
    },
    {
      "when": {
        "facing": "north",
        "in_wall": "false",
        "open": "false",
        "powered": "false"
      },
      "apply": {
        "model": "block/vertical_slab_dark_gray_brick",
        "uvlock": true,
        "y": 180
      }
    },
    {
      "when": {
        "facing": "east",
        "in_wall": "false",
        "open": "false",
        "powered": "false"
      },
      "apply": {
        "model": "block/vertical_slab_dark_gray_brick",
        "uvlock": true,
        "y": 270
      }
    },
	    {
      "when": {
        "facing": "south",
        "in_wall": "false",
        "open": "false",
        "powered": "true"
      },
      "apply": {
        "model": "block/vertical_slab_small_dark_bricks",
        "uvlock": true
      }
    },
    {
      "when": {
        "facing": "west",
        "in_wall": "false",
        "open": "false",
        "powered": "true"
      },
      "apply": {
        "model": "block/vertical_slab_small_dark_bricks",
        "uvlock": true,
        "y": 90
      }
    },
    {
      "when": {
        "facing": "north",
        "in_wall": "false",
        "open": "false",
        "powered": "true"
      },
      "apply": {
        "model": "block/vertical_slab_small_dark_bricks",
        "uvlock": true,
        "y": 180
      }
    },
    {
      "when": {
        "facing": "east",
        "in_wall": "false",
        "open": "false",
        "powered": "true"
      },
      "apply": {
        "model": "block/vertical_slab_small_dark_bricks",
        "uvlock": true,
        "y": 270
      }
    },
    {
      "when": {
        "facing": "south",
        "in_wall": "false",
        "open": "true",
        "powered": "false"
      },
      "apply": [
		{ "model": "block/vertical_slab_mossy_dark_gray_brick", "uvlock": true },
		{ "model": "block/vertical_slab_mossy_dark_gray_brick_1", "uvlock": true },
		{ "model": "block/vertical_slab_mossy_dark_gray_brick_2", "uvlock": true }
		]
    },
    {
      "when": {
        "facing": "west",
        "in_wall": "false",
        "open": "true",
        "powered": "false"
      },
      "apply": [
		{ "model": "block/vertical_slab_mossy_dark_gray_brick", "uvlock": true, "y":90 },
		{ "model": "block/vertical_slab_mossy_dark_gray_brick_1", "uvlock": true, "y":90 },
		{ "model": "block/vertical_slab_mossy_dark_gray_brick_2", "uvlock": true, "y":90 }
		]
    },
    {
      "when": {
        "facing": "north",
        "in_wall": "false",
        "open": "true",
        "powered": "false"
      },
      "apply": [
		{ "model": "block/vertical_slab_mossy_dark_gray_brick", "uvlock": true, "y":180 },
		{ "model": "block/vertical_slab_mossy_dark_gray_brick_1", "uvlock": true, "y":180 },
		{ "model": "block/vertical_slab_mossy_dark_gray_brick_2", "uvlock": true, "y":180 }
		]
    },
    {
      "when": {
        "facing": "east",
        "in_wall": "false",
        "open": "true",
        "powered": "false"
      },
      "apply": [
		{ "model": "block/vertical_slab_mossy_dark_gray_brick", "uvlock": true, "y":270 },
		{ "model": "block/vertical_slab_mossy_dark_gray_brick_1", "uvlock": true, "y":270 },
		{ "model": "block/vertical_slab_mossy_dark_gray_brick_2", "uvlock": true, "y":270 }
		]
    },
    {
      "when": {
        "facing": "south",
        "in_wall": "true",
        "open": "false",
        "powered": "false"
      },
      "apply": [
		{ "model": "block/vertical_slab_iron_block", "uvlock": true },
		{ "model": "block/vertical_slab_iron_block_2", "uvlock": true },
		{ "model": "block/vertical_slab_iron_block_3", "uvlock": true }
		]
    },
    {
      "when": {
        "facing": "west",
        "in_wall": "true",
        "open": "false",
        "powered": "false"
      },
      "apply": [
	  { "model": "block/vertical_slab_iron_block", "uvlock": true, "y":90 },
	  { "model": "block/vertical_slab_iron_block_2", "uvlock": true, "y":90},
	  { "model": "block/vertical_slab_iron_block_3", "uvlock": true, "y":90 }
      ]
    },
    {
      "when": {
        "facing": "north",
        "in_wall": "true",
        "open": "false",
        "powered": "false"
      },
      "apply": [
	  { "model": "block/vertical_slab_iron_block", "uvlock": true, "y":180 },
	  { "model": "block/vertical_slab_iron_block_2", "uvlock": true, "y":180},
	  { "model": "block/vertical_slab_iron_block_3", "uvlock": true, "y":180 }
      ]
    },
    {
      "when": {
        "facing": "east",
        "in_wall": "true",
        "open": "false",
        "powered": "false"
      },
      "apply": [
	  { "model": "block/vertical_slab_iron_block", "uvlock": true, "y":270 },
	  { "model": "block/vertical_slab_iron_block_2", "uvlock": true, "y":270},
	  { "model": "block/vertical_slab_iron_block_3", "uvlock": true, "y":270 }
      ]
    },

    {
      "when": {
        "facing": "south",
        "in_wall": "true",
        "open": "true",
        "powered": "false"
      },
      "apply": {
        "model": "block/acacia_fence_gate_open",
        "uvlock": true
      }
    },
	    {
      "when": {
        "facing": "south",
        "in_wall": "false",
        "open": "true",
        "powered": "true"
      },
      "apply": [
		{ "model": "block/vertical_slab_small_black_bricks", "uvlock": true },
		{ "model": "block/vertical_slab_small_black_bricks_2", "uvlock": true },
		{ "model": "block/vertical_slab_small_black_bricks_3", "uvlock": true }
		]
    },
    {
      "when": {
        "facing": "west",
        "in_wall": "false",
        "open": "true",
        "powered": "true"
      },
      "apply": [
	  { "model": "block/vertical_slab_small_black_bricks", "uvlock": true, "y":90 },
	  { "model": "block/vertical_slab_small_black_bricks_2", "uvlock": true, "y":90},
	  { "model": "block/vertical_slab_small_black_bricks_3", "uvlock": true, "y":90 }
      ]
    },
    {
      "when": {
        "facing": "north",
        "in_wall": "false",
        "open": "true",
        "powered": "true"
      },
      "apply": [
	  { "model": "block/vertical_slab_small_black_bricks", "uvlock": true, "y":180 },
	  { "model": "block/vertical_slab_small_black_bricks_2", "uvlock": true, "y":180},
	  { "model": "block/vertical_slab_small_black_bricks_3", "uvlock": true, "y":180 }
      ]
    },
    {
      "when": {
        "facing": "east",
        "in_wall": "false",
        "open": "true",
        "powered": "true"
      },
      "apply": [
	  { "model": "block/vertical_slab_small_black_bricks", "uvlock": true, "y":270 },
	  { "model": "block/vertical_slab_small_black_bricks_2", "uvlock": true, "y":270},
	  { "model": "block/vertical_slab_small_black_bricks_3", "uvlock": true, "y":270 }
      ]
    },
    {
      "when": {
        "facing": "west",
        "in_wall": "true",
        "open": "true",
        "powered": "false"
      },
      "apply": {
        "model": "block/acacia_fence_gate_open",
        "uvlock": true,
        "y": 90
      }
    },
    {
      "when": {
        "facing": "north",
        "in_wall": "true",
        "open": "true",
        "powered": "false"
      },
      "apply": {
        "model": "block/acacia_fence_gate_open",
        "uvlock": true,
        "y": 180
      }
    },
    {
      "when": {
        "facing": "east",
        "in_wall": "true",
        "open": "true",
        "powered": "false"
      },
      "apply": {
        "model": "block/acacia_fence_gate_open",
        "uvlock": true,
        "y": 270
      }
    },
    {
      "when": {
        "facing": "south",
        "in_wall": "false",
        "open": "false",
        "powered": "true"
      },
      "apply": {
        "model": "block/placeholder",
        "uvlock": true
      }
    },
    {
      "when": {
        "facing": "west",
        "in_wall": "false",
        "open": "false",
        "powered": "true"
      },
      "apply": {
        "model": "block/placeholder",
        "uvlock": true,
        "y": 90
      }
    },
    {
      "when": {
        "facing": "north",
        "in_wall": "false",
        "open": "false",
        "powered": "true"
      },
      "apply": {
        "model": "block/placeholder",
        "uvlock": true,
        "y": 180
      }
    },
    {
      "when": {
        "facing": "east",
        "in_wall": "false",
        "open": "false",
        "powered": "true"
      },
      "apply": {
        "model": "block/placeholder",
        "uvlock": true,
        "y": 270
      }
    },
    {
      "when": {
        "facing": "south",
        "in_wall": "false",
        "open": "true",
        "powered": "true"
      },
      "apply": {
        "model": "block/placeholder",
        "uvlock": true
      }
    },
    {
      "when": {
        "facing": "west",
        "in_wall": "false",
        "open": "true",
        "powered": "true"
      },
      "apply": {
        "model": "block/placeholder",
        "uvlock": true,
        "y": 90
      }
    },
    {
      "when": {
        "facing": "north",
        "in_wall": "false",
        "open": "true",
        "powered": "true"
      },
      "apply": {
        "model": "block/placeholder",
        "uvlock": true
      }
    },
    {
      "when": {
        "facing": "east",
        "in_wall": "false",
        "open": "true",
        "powered": "true"
      },
      "apply": {
        "model": "block/placeholder",
        "uvlock": true,
        "y": 90
      }
    },
    {
      "when": {
        "facing": "south",
        "in_wall": "true",
        "open": "false",
        "powered": "true"
      },
      "apply": {
        "model": "block/vertical_slab_red_nether_brick",
        "uvlock": true
      }
    },
    {
      "when": {
        "facing": "west",
        "in_wall": "true",
        "open": "false",
        "powered": "true"
      },
      "apply": {
        "model": "block/vertical_slab_red_nether_brick",
        "uvlock": true,
        "y": 90
      }
    },
    {
      "when": {
        "facing": "north",
        "in_wall": "true",
        "open": "false",
        "powered": "true"
      },
      "apply": {
        "model": "block/vertical_slab_red_nether_brick",
        "uvlock": true,
        "y": 180
      }
    },
    {
      "when": {
        "facing": "east",
        "in_wall": "true",
        "open": "false",
        "powered": "true"
      },
      "apply": {
        "model": "block/vertical_slab_red_nether_brick",
        "uvlock": true,
        "y": 270
      }
    },
    {
      "when": {
        "facing": "south",
        "in_wall": "true",
        "open": "true",
        "powered": "true"
      },
      "apply": {
        "model": "block/vertical_slab_red_mushroom_block_new",
        "uvlock": true
      }
    },
    {
      "when": {
        "facing": "west",
        "in_wall": "true",
        "open": "true",
        "powered": "true"
      },
      "apply": {
        "model": "block/vertical_slab_red_mushroom_block_new",
        "uvlock": true,
        "y": 90
      }
    },
    {
      "when": {
        "facing": "north",
        "in_wall": "true",
        "open": "true",
        "powered": "true"
      },
      "apply": {
        "model": "block/vertical_slab_red_mushroom_block_new",
        "uvlock": true,
        "y":180
      }
    },
    {
      "when": {
        "facing": "east",
        "in_wall": "true",
        "open": "true",
        "powered": "true"
      },
      "apply": {
        "model": "block/vertical_slab_red_mushroom_block_new",
        "uvlock": true,
        "y": 270
      }
    },
    {
      "when": {
        "facing": "north",
        "in_wall": "false",
        "open": "true",
        "powered": "true"
      },
      "apply": {
        "model": "block/placeholder",
        "uvlock": true,
        "y": 180
      }
    },
    {
      "when": {
        "facing": "east",
        "in_wall": "false",
        "open": "true",
        "powered": "true"
      },
      "apply": {
        "model": "block/placeholder",
        "uvlock": true,
        "y": 270
      }
    },
    {
      "when": {
        "facing": "south",
        "in_wall": "false",
        "open": "true",
        "powered": "true"
      },
      "apply": {
        "model": "block/placeholder",
        "uvlock": true
      }
    },
    {
      "when": {
        "facing": "west",
        "in_wall": "false",
        "open": "true",
        "powered": "true"
      },
      "apply": {
        "model": "block/placeholder",
        "uvlock": true,
        "y": 90
      }
    }
  ]
}
