{
  "multipart": [
    {
      "when": {
        "up": "true"
      },
      "apply": {
        "model": "minecraft:block/trunk_vertical"
      }
    },
    {
      "when": {
        "north": "low"
      },
      "apply": {
        "model": "minecraft:block/trunk_diagonal",
        "uvlock": true
      }
    },
    {
      "when": {
        "east": "low"
      },
      "apply": {
        "model": "minecraft:block/trunk_diagonal",
        "y": 90,
        "uvlock": true
      }
    },
    {
      "when": {
        "south": "low"
      },
      "apply": {
        "model": "minecraft:block/trunk_diagonal",
        "y": 180,
        "uvlock": true
      }
    },
    {
      "when": {
        "west": "low"
      },
      "apply": {
        "model": "minecraft:block/trunk_diagonal",
        "y": 270,
        "uvlock": true
      }
    },
    {
      "when": {
        "north": "tall"
      },
      "apply": {
        "model": "minecraft:block/trunk_diagonal_thin",
        "uvlock": true
      }
    },
    {
      "when": {
        "east": "tall"
      },
      "apply": {
        "model": "minecraft:block/trunk_diagonal_thin",
        "y": 90,
        "uvlock": true
      }
    },
    {
      "when": {
        "south": "tall"
      },
      "apply": {
        "model": "minecraft:block/trunk_diagonal_thin",
        "y": 180,
        "uvlock": true
      }
    },
    {
      "when": {
        "west": "tall"
      },
      "apply": {
        "model": "minecraft:block/trunk_diagonal_thin",
        "y": 270,
        "uvlock": true
      }
    }
  ]
}