{
  "variants": {
	"distance=7,persistent=false": { "model": "mcme:block/wall_spike_large", "y": 180 },
	"distance=1,persistent=false": { "model": "mcme:block/wall_spike_large", "y": 270 },
	"distance=2,persistent=false": { "model": "mcme:block/horizontal_spike_thin" },
	"distance=3,persistent=false": { "model": "mcme:block/horizontal_spike_thin", "y": 90 },
	"distance=4,persistent=false": { "model": "mcme:block/horizontal_spike_thin", "y": 180 },
	"distance=5,persistent=false": { "model": "mcme:block/horizontal_spike_thin", "y": 270 },
	"distance=6,persistent=false": { "model": "mcme:block/spike_corbel" },
	"distance=7,persistent=true": { "model": "mcme:block/spike_corbel", "y": 90 },
	"distance=1,persistent=true": { "model": "mcme:block/spike_corbel", "y": 180 },
	"distance=2,persistent=true": { "model": "mcme:block/spike_corbel", "y": 270 },
	"distance=3,persistent=true": { "model": "mcme:block/spike_corbel_top" },
	"distance=4,persistent=true": { "model": "mcme:block/spike_corbel_top", "y": 90 },
	"distance=5,persistent=true": { "model": "mcme:block/spike_corbel_top", "y": 180 },
	"distance=6,persistent=true": { "model": "mcme:block/spike_corbel_top", "y": 270 }
  }
}