{
  "variants": {
	"age=1,leaves=none,stage=0": [
    { "model": "mcme:block/eye_banner_1"},
	{ "model": "mcme:block/eye_banner_2"},
	{ "model": "mcme:block/eye_banner_3"}
	  ],
	 "age=0,leaves=none,stage=0": [
      { "model": "mcme:block/eye_banner_1", "y":90},
	{ "model": "mcme:block/eye_banner_2", "y":90},
	{ "model": "mcme:block/eye_banner_3", "y":90}
	  ],
	 "age=0,leaves=small,stage=0": [
      { "model": "mcme:block/eye_banner_1", "y":180 },
	  { "model": "mcme:block/eye_banner_2", "y":180 },
	  { "model": "mcme:block/eye_banner_3", "y":180 }
	  ],
	 "age=0,leaves=large,stage=0": [
      { "model": "mcme:block/eye_banner_1", "y":270 },
	  { "model": "mcme:block/eye_banner_2", "y":270 },
	  { "model": "mcme:block/eye_banner_3", "y":270 }
	  ]
 }
}
