{
    "variants": {
        "axis=y":[
		{ "model": "block/basalt" },
        { "model": "block/basalt_2" },
		{ "model": "block/basalt_3" }
		],
				       "axis=z": [
		{ "model": "block/basalt", "x": 90 },
		{ "model": "block/basalt_2", "x": 90 },
		{ "model": "block/basalt_3", "x": 90 }
		],
				       "axis=x": [    
		{ "model": "block/basalt", "x": 90, "y": 90 },
		{ "model": "block/basalt_2", "x": 90, "y": 90 },
		{ "model": "block/basalt_3", "x": 90, "y": 90 }
		]
	}
}