{
    "variants": {
        "distance=1,persistent=false": { "model": "block/birch_leaves_pillar_thick" },
		"distance=2,persistent=false": { "model": "mcme:block/upwards_spike_large", "y": 180 },
		"distance=3,persistent=false": { "model": "mcme:block/upwards_spike_large", "y": 90 },
		"distance=4,persistent=false": { "model": "mcme:block/upwards_spike_large", "y": 270 },
		"distance=5,persistent=false": { "model": "mcme:block/upwards_spike_small" },
		"distance=6,persistent=false": { "model": "mcme:block/upwards_spike_small", "y": 180},
		"distance=7,persistent=false": { "model": "mcme:block/upwards_spike_large" },
		"distance=6,persistent=true": {"model": "block/birch_leaves_pillar_thick_bottom" },
		"distance=7,persistent=true": { "model": "mcme:block/upwards_spike_small", "y": 270 },
		"distance=2,persistent=true": { "model": "itemblock/barrel_water_full_item" },
		"distance=3,persistent=true": { "model": "itemblock/barrel_water_half_item" },
		"distance=4,persistent=true": { "model": "mcme:block/upwards_spike_small", "y": 90 },
		"distance=5,persistent=true": { "model": "mcme:block/pointy_spike_small" }
    }
}
