{
    "variants": {
        "facing=north,half=bottom,open=false,powered=false": { "model": "block/trapdoor_small_black_bricks_bottom" },
        "facing=south,half=bottom,open=false,powered=false": { "model": "block/trapdoor_green_small_brick_bottom"},
        "facing=east,half=bottom,open=false,powered=false": { "model": "block/trapdoor_small_dark_bricks_bottom"},
        "facing=west,half=bottom,open=false,powered=false": { "model": "block/trapdoor_mossy_small_sandstone_brick_bottom" },
        "facing=north,half=top,open=false,powered=false": { "model": "block/trapdoor_small_black_bricks_top" },
        "facing=south,half=top,open=false,powered=false": { "model": "block/trapdoor_green_small_bricks_top"},
        "facing=east,half=top,open=false,powered=false": { "model": "block/trapdoor_small_dark_bricks_top"},
        "facing=west,half=top,open=false,powered=false": { "model": "block/trapdoor_double_slab_red_sandstone_seamless_top"},
        "facing=north,half=bottom,open=true,powered=false": { "model": "block/trapdoor_sandstone_smooth_open" },
        "facing=south,half=bottom,open=true,powered=false": { "model": "block/trapdoor_sandstone_smooth_open", "y": 180 },
        "facing=east,half=bottom,open=true,powered=false": { "model": "block/trapdoor_sandstone_smooth_open", "y": 90 },
        "facing=west,half=bottom,open=true,powered=false": { "model": "block/trapdoor_sandstone_smooth_open", "y": 270 },
        "facing=north,half=top,open=true,powered=false": { "model": "block/trapdoor_green_small_bricks_open"  },
        "facing=south,half=top,open=true,powered=false": { "model": "block/trapdoor_green_small_bricks_open", "y": 180 },
        "facing=east,half=top,open=true,powered=false": { "model": "block/trapdoor_green_small_bricks_open", "y": 90 },
        "facing=west,half=top,open=true,powered=false": { "model": "block/trapdoor_green_small_bricks_open", "y": 270 },
		
        "facing=north,half=bottom,open=false,powered=true": { "model": "block/trapdoor_large_sandstone_brick_bottom" },
        "facing=south,half=bottom,open=false,powered=true": { "model": "block/trapdoor_rusty_steel_bottom" },
        "facing=east,half=bottom,open=false,powered=true": { "model": "block/trapdoor_dried_kelp_block_bottom" },
        "facing=west,half=bottom,open=false,powered=true": { "model": "block/trapdoor_blackest_small_bricks_bottom" },
        "facing=north,half=top,open=false,powered=true": { "model": "block/trapdoor_large_sandstone_brick_top" },
        "facing=south,half=top,open=false,powered=true": { "model": "block/trapdoor_rusty_steel_top"},
        "facing=east,half=top,open=false,powered=true": { "model": "block/trapdoor_dried_kelp_block_top" },
        "facing=west,half=top,open=false,powered=true": { "model": "block/trapdoor_blackest_small_bricks_top" },
        "facing=north,half=bottom,open=true,powered=true": { "model": "block/trapdoor_double_slab_iron_block_seamless_open" },
        "facing=south,half=bottom,open=true,powered=true": { "model": "block/trapdoor_double_slab_iron_block_seamless_open", "y": 180 },
        "facing=east,half=bottom,open=true,powered=true": { "model": "block/trapdoor_double_slab_iron_block_seamless_open", "y": 90 },
        "facing=west,half=bottom,open=true,powered=true": { "model": "block/trapdoor_double_slab_iron_block_seamless_open", "y": 270 },
        "facing=north,half=top,open=true,powered=true": { "model": "block/trapdoor_small_dark_bricks_open"},
        "facing=south,half=top,open=true,powered=true": { "model": "block/trapdoor_small_dark_bricks_open",  "y": 180 },
        "facing=east,half=top,open=true,powered=true": { "model": "block/trapdoor_small_dark_bricks_open",  "y": 90 },
        "facing=west,half=top,open=true,powered=true": { "model": "block/trapdoor_small_dark_bricks_open",  "y": 270 }
    }
}
