{
  "variants": {
    "facing\u003dnorth": [
      {
        "model": "block/black_glazed_terracotta",
        "y": 270
      },
      {
        "model": "block/black_glazed_terracotta_1",
        "y": 270
      }
    ],
    "facing\u003deast": [
      {
        "model": "block/black_glazed_terracotta"
      },
      {
        "model": "block/black_glazed_terracotta_1"
      }
    ],
    "facing\u003dsouth": [
      {
        "model": "block/black_glazed_terracotta",
        "y": 90
      },
      {
        "model": "block/black_glazed_terracotta_1",
        "y": 90
      }
    ],
    "facing\u003dwest": [
      {
        "model": "block/black_glazed_terracotta",
        "y": 180
      },
      {
        "model": "block/black_glazed_terracotta_1",
        "y": 180
      }
    ]
  }
}
