{
  "variants": {
    "age\u003d0,facing\u003dsouth": {
      "model": "block/reinforced_strip_wall"
    },
    "age\u003d0,facing\u003dwest": {
      "model": "block/reinforced_strip_wall",
      "y": 90
    },
    "age\u003d0,facing\u003dnorth": {
      "model": "block/reinforced_strip_wall",
      "y": 180
    },
    "age\u003d0,facing\u003deast": {
      "model": "block/reinforced_strip_wall",
      "y": 270
    },
    "age\u003d1,facing\u003dnorth": {
      "model": "block/reinforced_strip_wall_deco",
      "y": 180
    },
    "age\u003d1,facing\u003deast": {
      "model": "block/reinforced_strip_wall_deco",
      "y": 270
    },
    "age\u003d1,facing\u003dsouth": {
      "model": "block/reinforced_strip_wall_deco"
    },
    "age\u003d1,facing\u003dwest": {
      "model": "block/reinforced_strip_wall_deco",
      "y": 90
    },
    "age\u003d2,facing\u003dnorth": {
      "model": "block/reinforced_strip_wall_wide",
      "y": 180
    },
    "age\u003d2,facing\u003deast": {
      "model": "block/reinforced_strip_wall_wide",
      "y": 270
    },
    "age\u003d2,facing\u003dsouth": {
      "model": "block/reinforced_strip_wall_wide"
    },
    "age\u003d2,facing\u003dwest": {
      "model": "block/reinforced_strip_wall_wide",
      "y": 90
    }
  }
}
