{
    "variants": {
  "axis=y": [
		{ "model": "block/crimson_stem" },
		{ "model": "block/crimson_stem_2" },
		{ "model": "block/crimson_stem_3" }
  ],
          "axis=z": [
		{ "model": "block/crimson_stem", "x": 90 },
		{ "model": "block/crimson_stem_2", "x": 90 },
		{ "model": "block/crimson_stem_3", "x": 90 }
	],
	        "axis=x": [    
		{ "model": "block/crimson_stem", "x": 90, "y": 90 },
		{ "model": "block/crimson_stem_2", "x": 90, "y": 90 },
		{ "model": "block/crimson_stem_3", "x": 90, "y": 90 }
			]
	}
}
