{
  "variants": {
    "facing\u003dsouth": [
      {
        "model": "block/cyan_glazed_terracotta",
        "y": 90
      },
      {
        "model": "block/cyan_glazed_terracotta_1",
        "y": 90
      }
    ],
    "facing\u003dwest": [
      {
        "model": "block/cyan_glazed_terracotta",
        "y": 180
      },
      {
        "model": "block/cyan_glazed_terracotta_1",
        "y": 180
      }
    ],
    "facing\u003dnorth": [
      {
        "model": "block/cyan_glazed_terracotta_wood",
        "y": 270
      },
      {
        "model": "block/cyan_glazed_terracotta_wood_1",
        "y": 270
      },
	   {
        "model": "block/cyan_glazed_terracotta_wood_2",
        "y": 270
      }
    ],
    "facing\u003deast": [
      {
        "model": "block/cyan_glazed_terracotta_wood"
      },
      {
        "model": "block/cyan_glazed_terracotta_wood_1"
      },
	        {
        "model": "block/cyan_glazed_terracotta_wood_2"
      }
    ]
  }
}
