{
  "multipart": [
    {
      "when": {
        "north": "false",
        "east": "false",
        "south": "false",
        "west": "false"
      },
      "apply": {
        "model": "block/tree_thin_spruce_vertical"
      }
    },
    {
      "when": {
        "OR": [
          {
            "north": "true"
          },
          {
            "north": "false",
            "east": "false",
            "south": "true",
            "west": "false"
          }
        ]
      },
      "apply": {
        "model": "block/tree_thin_spruce_horizontal",
        "uvlock": true
      }
    },
    {
      "when": {
        "OR": [
          {
            "east": "true"
          },
          {
            "north": "false",
            "east": "false",
            "south": "false",
            "west": "true"
          }
        ]
      },
      "apply": {
        "model": "block/tree_thin_spruce_horizontal",
        "y": 90,
        "uvlock": true
      }
    },
    {
      "when": {
        "OR": [
          {
            "south": "true"
          },
          {
            "north": "true",
            "east": "false",
            "south": "false",
            "west": "false"
          }
        ]
      },
      "apply": {
        "model": "block/tree_thin_spruce_horizontal",
        "y": 180,
        "uvlock": true
      }
    },
    {
      "when": {
        "OR": [
          {
            "west": "true"
          },
          {
            "north": "false",
            "east": "true",
            "south": "false",
            "west": "false"
          }
        ]
      },
      "apply": {
        "model": "block/tree_thin_spruce_horizontal",
        "y": 270,
        "uvlock": true
      }
    },
    {
      "when": {
        "OR": [
          {
            "west": "true",
            "east": "true"
          },
          {
            "north": "true",
            "south": "true"
          },
          {
            "north": "false",
            "east": "false",
            "south": "false",
            "west": "true"
          },
          {
            "north": "false",
            "east": "false",
            "south": "true",
            "west": "false"
          },
          {
            "north": "false",
            "east": "true",
            "south": "false",
            "west": "false"
          },
          {
            "north": "true",
            "east": "false",
            "south": "false",
            "west": "false"
          }
        ]
      },
      "apply": {
        "model": "block/tree_thin_spruce_center"
      }
    },
    {
      "when": {
        "north": "true",
        "east": "true",
        "south": "false",
        "west": "false"
      },
      "apply": {
        "model": "block/tree_thin_spruce_center_alt"
      }
    },
    {
      "when": {
        "north": "false",
        "east": "true",
        "south": "true",
        "west": "false"
      },
      "apply": {
        "model": "block/tree_thin_spruce_center_alt",
        "y": 90,
        "uvlock": true
      }
    },
    {
      "when": {
        "north": "false",
        "east": "false",
        "south": "true",
        "west": "true"
      },
      "apply": {
        "model": "block/tree_thin_spruce_center_alt",
        "y": 180,
        "uvlock": true
      }
    },
    {
      "when": {
        "north": "true",
        "east": "false",
        "south": "false",
        "west": "true"
      },
      "apply": {
        "model": "block/tree_thin_spruce_center_alt",
        "y": 270,
        "uvlock": true
      }
    }
  ]
}
