{
    "variants": {
        "": [
		{ "model": "block/emerald_ore", "weight":5 },
		{ "model": "block/emerald_ore", "weight":5, "y": 90 },
		{ "model": "block/emerald_ore", "weight":5, "y": 180 },
		{ "model": "block/emerald_ore_2", "weight":5 },
		{ "model": "block/emerald_ore_2", "weight":5, "y": 90 },
		{ "model": "block/emerald_ore_2", "weight":5, "y": 180 },
		{ "model": "block/emerald_ore_3", "weight":5 },
		{ "model": "block/emerald_ore_3", "weight":5, "y": 90 },
		{ "model": "block/emerald_ore_3", "weight":5, "y": 180 },
		{ "model": "block/emerald_ore_4", "weight":5 },
		{ "model": "block/emerald_ore_4", "weight":5, "y": 90 },
		{ "model": "block/emerald_ore_4", "weight":5, "y": 180 },
		{ "model": "block/emerald_ore_5", "weight":5 },
		{ "model": "block/emerald_ore_5", "weight":5, "y": 90 },
		{ "model": "block/emerald_ore_5", "weight":5, "y": 180 }
		]
    }
}
