{
  "variants": {
    "distance=7,persistent=false": { "model": "mcme:block/spike_corbel_extension" },
	"distance=1,persistent=false": { "model": "mcme:block/spike_corbel_extension", "y": 90  },
	"distance=2,persistent=false": { "model": "mcme:block/spike_corbel_extension", "y": 180 },
	"distance=3,persistent=false": { "model": "mcme:block/spike_corbel_extension", "y": 270 },
	"distance=4,persistent=false": { "model": "mcme:block/pointy_spike_small", "x": 180 },
	"distance=5,persistent=false": { "model": "mcme:block/pointy_spike_small", "x": 180, "y": 90  },
	"distance=6,persistent=false": { "model": "mcme:block/pointy_spike_small", "x": 180, "y": 180 },
	"distance=7,persistent=true": { "model": "mcme:block/pointy_spike_small", "x": 180, "y": 270 },
	"distance=1,persistent=true": { "model": "mcme:block/pointy_spike_large", "x": 180 },
	"distance=2,persistent=true": { "model": "mcme:block/pointy_spike_large", "x": 180, "y": 90  },
	"distance=3,persistent=true": { "model": "mcme:block/pointy_spike_large", "x": 180, "y": 180 },
	"distance=4,persistent=true": { "model": "mcme:block/pointy_spike_large", "x": 180, "y": 270 },
	"distance=5,persistent=true": { "model": "mcme:block/corbel_large" },
	"distance=6,persistent=true": { "model": "mcme:block/corbel_large", "y": 90  }
  }
}