{
  "variants": {
    "power\u003d0": {
      "model": "block/light_weighted_pressure_plate"
    },
    "power\u003d1": {
      "model": "block/light_weighted_pressure_plate_down"
    },
    "power\u003d2": {
      "model": "block/plate_1"
    },
    "power\u003d3": {
      "model": "block/plate_2"
    },
    "power\u003d4": {
      "model": "block/cutlery"
    },
    "power\u003d5": {
      "model": "block/cutlery", "y": 90
    },
    "power\u003d6": {
      "model": "block/cutlery", "y": 180
    },
    "power\u003d7": {
      "model": "block/cutlery", "y": 270
    },
    "power\u003d8": {
      "model": "block/replace"
    },
    "power\u003d9": {
      "model": "block/replace"
    },
    "power\u003d10": {
      "model": "block/replace"
    },
    "power\u003d11": {
      "model": "block/replace"
    },
    "power\u003d12": {
      "model": "block/replace"
    },
    "power\u003d13": {
      "model": "block/replace"
    },
    "power\u003d14": {
      "model": "block/replace"
    },
    "power\u003d15": {
      "model": "block/replace"
    }
  }
}
