{
    "variants": {
        "": [
            { "model": "block/lime_concrete" },
            { "model": "block/lime_concrete", "y": 90 },
            { "model": "block/lime_concrete", "y": 180 },
            { "model": "block/lime_concrete", "y": 270 },
			{ "model": "block/lime_concrete_2" },
            { "model": "block/lime_concrete_2", "y": 90 },
            { "model": "block/lime_concrete_2", "y": 180 },
            { "model": "block/lime_concrete_2", "y": 270 },
			{ "model": "block/lime_concrete_3" },
            { "model": "block/lime_concrete_3", "y": 90 },
            { "model": "block/lime_concrete_3", "y": 180 },
            { "model": "block/lime_concrete_3", "y": 270 },
			{ "model": "block/lime_concrete_4" },
            { "model": "block/lime_concrete_4", "y": 90 },
            { "model": "block/lime_concrete_4", "y": 180 },
            { "model": "block/lime_concrete_4", "y": 270 }		
        ]
    }
}