{
  "variants": {
    "facing=east,in_wall=false,open=false,powered=false": {
      "model": "mcme:block/blade1x1"
    },
	"facing=north,in_wall=false,open=false,powered=false": {
      "model": "mcme:block/blade1x1", "y": 90, "uvlock": true
    },
	"facing=west,in_wall=false,open=false,powered=false": {
      "model": "mcme:block/blade1x1", "y": 180, "uvlock": true
    },
	"facing=south,in_wall=false,open=false,powered=false": {
      "model": "mcme:block/blade1x1", "y": 270, "uvlock": true
    },
	"facing=east,in_wall=true,open=false,powered=false": {
      "model": "mcme:block/blade1x1_arch"
    },
	"facing=north,in_wall=true,open=false,powered=false": {
      "model": "mcme:block/blade1x1_arch", "y": 90, "uvlock": true
    },
	"facing=west,in_wall=true,open=false,powered=false": {
      "model": "mcme:block/blade1x1_arch", "y": 180, "uvlock": true
    },
	"facing=south,in_wall=true,open=false,powered=false": {
      "model": "mcme:block/blade1x1_arch", "y": 270, "uvlock": true
    },
	"facing=east,in_wall=false,open=false,powered=true": {
      "model": "mcme:block/blade1x1", "x": 180
    },
	"facing=north,in_wall=false,open=false,powered=true": {
      "model": "mcme:block/blade1x1", "x": 180, "y": 90, "uvlock": true
    },
	"facing=west,in_wall=false,open=false,powered=true": {
      "model": "mcme:block/blade1x1", "x": 180, "y": 180, "uvlock": true
    },
	"facing=south,in_wall=false,open=false,powered=true": {
      "model": "mcme:block/blade1x1", "x": 180, "y": 270, "uvlock": true
    },
	"facing=east,in_wall=true,open=false,powered=true": {
      "model": "mcme:block/blade1x1_arch", "x": 180
    },
	"facing=north,in_wall=true,open=false,powered=true": {
      "model": "mcme:block/blade1x1_arch", "x": 180, "y": 90, "uvlock": true
    },
	"facing=west,in_wall=true,open=false,powered=true": {
      "model": "mcme:block/blade1x1_arch", "x": 180, "y": 180, "uvlock": true
    },
	"facing=south,in_wall=true,open=false,powered=true": {
      "model": "mcme:block/blade1x1_arch", "x": 180, "y": 270, "uvlock": true
    }
  }
}