{
    "variants": {
        "facing=north,half=bottom,open=false,powered=false": { "model": "block/oak_trapdoor_bottom" },
        "facing=south,half=bottom,open=false,powered=false": { "model": "block/oak_trapdoor_bottom" },
        "facing=east,half=bottom,open=false,powered=false": { "model": "block/oak_trapdoor_bottom" },
        "facing=west,half=bottom,open=false,powered=false": { "model": "block/oak_trapdoor_bottom" },
        "facing=north,half=top,open=false,powered=false": { "model": "block/oak_trapdoor_top" },
        "facing=south,half=top,open=false,powered=false": { "model": "block/oak_trapdoor_top" },
        "facing=east,half=top,open=false,powered=false": { "model": "block/oak_trapdoor_top" },
        "facing=west,half=top,open=false,powered=false": { "model": "block/oak_trapdoor_top" },
        "facing=north,half=bottom,open=true,powered=false": { "model": "block/oak_trapdoor_open" },
        "facing=south,half=bottom,open=true,powered=false": { "model": "block/oak_trapdoor_open", "y": 180 },
        "facing=east,half=bottom,open=true,powered=false": { "model": "block/oak_trapdoor_open", "y": 90 },
        "facing=west,half=bottom,open=true,powered=false": { "model": "block/oak_trapdoor_open", "y": 270 },
        "facing=north,half=top,open=true,powered=false": { "model": "block/oak_trapdoor_open" },
        "facing=south,half=top,open=true,powered=false": { "model": "block/oak_trapdoor_open", "y": 180 },
        "facing=east,half=top,open=true,powered=false": { "model": "block/oak_trapdoor_open", "y": 90 },
        "facing=west,half=top,open=true,powered=false": { "model": "block/oak_trapdoor_open", "y": 270 },

        "facing=north,half=bottom,open=false,powered=true": { "model": "block/unused_cross_0" },
        "facing=south,half=bottom,open=false,powered=true": { "model": "block/unused_cross_0" },
        "facing=east,half=bottom,open=false,powered=true": { "model": "block/trapdoor_double_slab_planks_dark_oak_bottom" },
        "facing=west,half=bottom,open=false,powered=true": { "model": "block/unused_cross_0" },
        "facing=north,half=top,open=false,powered=true": { "model": "block/unused_cross_0" },
        "facing=south,half=top,open=false,powered=true": { "model": "block/unused_cross_0" },
        "facing=east,half=top,open=false,powered=true": { "model": "block/trapdoor_double_slab_planks_dark_oak_top" },
        "facing=west,half=top,open=false,powered=true": { "model": "block/unused_cross_0" },
        "facing=north,half=bottom,open=true,powered=true": { "model": "block/trapdoor_double_slab_planks_acacia_open" },
        "facing=south,half=bottom,open=true,powered=true": { "model": "block/trapdoor_double_slab_planks_acacia_open", "y": 180 },
        "facing=east,half=bottom,open=true,powered=true": { "model": "block/trapdoor_double_slab_planks_acacia_open", "y": 90 },
        "facing=west,half=bottom,open=true,powered=true": { "model": "block/trapdoor_double_slab_planks_acacia_open", "y": 270 },
        "facing=north,half=top,open=true,powered=true": { "model": "block/trapdoor_double_slab_planks_dark_oak_open" },
        "facing=south,half=top,open=true,powered=true": { "model": "block/trapdoor_double_slab_planks_dark_oak_open", "y": 180 },
        "facing=east,half=top,open=true,powered=true": { "model": "block/trapdoor_double_slab_planks_dark_oak_open", "y": 90 },
        "facing=west,half=top,open=true,powered=true": { "model": "block/trapdoor_double_slab_planks_dark_oak_open", "y": 270 }
	}
}
