{
    "variants": {
        "type=bottom": [
			{ "model": "block/dark_cobble_slab" },
			{ "model": "block/dark_cobble_slab_2" },
			{ "model": "block/dark_cobble_slab_3" },
			{ "model": "block/dark_cobble_slab_4" },
			{ "model": "block/dark_cobble_slab_5" }
			],
        "type=top": [
			{ "model": "block/dark_cobble_slab", "x": 180 },
			{ "model": "block/dark_cobble_slab_2", "x": 180 },
			{ "model": "block/dark_cobble_slab_3", "x": 180 },
			{ "model": "block/dark_cobble_slab_4", "x": 180 },
			{ "model": "block/dark_cobble_slab_5", "x": 180 }
			]
    }
}
