{
    "variants": {
        "": [
			{ "model": "block/pink_concrete" },
            { "model": "block/pink_concrete", "y": 90 },
            { "model": "block/pink_concrete", "y": 180 },
            { "model": "block/pink_concrete", "y": 270 },
			{ "model": "block/pink_concrete_2" },
            { "model": "block/pink_concrete_2", "y": 90 },
            { "model": "block/pink_concrete_2", "y": 180 },
            { "model": "block/pink_concrete_2", "y": 270 },
			{ "model": "block/pink_concrete_3" },
            { "model": "block/pink_concrete_3", "y": 90 },
            { "model": "block/pink_concrete_3", "y": 180 },
            { "model": "block/pink_concrete_3", "y": 270 },
			{ "model": "block/pink_concrete_4" },
            { "model": "block/pink_concrete_4", "y": 90 },
            { "model": "block/pink_concrete_4", "y": 180 },
            { "model": "block/pink_concrete_4", "y": 270 }
	]
    }
}
