{
  "variants": {
    "type=bottom": [
            { "model": "block/polished_granite_slab", "weight": 1 },
            { "model": "block/polished_granite_slab", "weight": 1, "y": 90 },
            { "model": "block/polished_granite_slab", "weight": 1, "y": 180 },
            { "model": "block/polished_granite_slab", "weight": 1, "y": 270 },
			{ "model": "block/polished_granite_slab_2", "weight": 1 },
            { "model": "block/polished_granite_slab_2", "weight": 1, "y": 90 },
            { "model": "block/polished_granite_slab_2", "weight": 1, "y": 180 },
            { "model": "block/polished_granite_slab_2", "weight": 1, "y": 270 },
			{ "model": "block/polished_granite_slab_3", "weight": 1 },
            { "model": "block/polished_granite_slab_3", "weight": 2, "y": 90 },
            { "model": "block/polished_granite_slab_3", "weight": 2, "y": 180 },
            { "model": "block/polished_granite_slab_3", "weight": 2, "y": 270 }			
    ]
  }
}