{
  "variants": {
	"age=7": [
      { "model": "block/onions_white_stage3" },
	  { "model": "block/onions_white_stage3", "y": 90 },
	  { "model": "block/onions_white_stage3", "y": 180 },
	  { "model": "block/onions_white_stage3", "y": 270 },
	  { "model": "block/onions_white_stage3_2" },
	  { "model": "block/onions_white_stage3_2", "y": 90 },
	  { "model": "block/onions_white_stage3_2", "y": 180 },
	  { "model": "block/onions_white_stage3_2", "y": 270 }
	  ],
	 "age=6": [
      { "model": "block/onions_white_stage2" },
	  { "model": "block/onions_white_stage2", "y": 90 },
	  { "model": "block/onions_white_stage2", "y": 180 },
	  { "model": "block/onions_white_stage2", "y": 270 },
	  { "model": "block/onions_white_stage2_2" },
	  { "model": "block/onions_white_stage2_2", "y": 90 },
	  { "model": "block/onions_white_stage2_2", "y": 180 },
	  { "model": "block/onions_white_stage2_2", "y": 270 }
	  ],
	 "age=5": [
      { "model": "block/onions_white_stage1" },
	  { "model": "block/onions_white_stage1", "y": 90 },
	  { "model": "block/onions_white_stage1", "y": 180 },
	  { "model": "block/onions_white_stage1", "y": 270 },
	  { "model": "block/onions_white_stage1_2" },
	  { "model": "block/onions_white_stage1_2", "y": 90 },
	  { "model": "block/onions_white_stage1_2", "y": 180 },
	  { "model": "block/onions_white_stage1_2", "y": 270 }
	  ],
	 "age=4": [
      { "model": "block/onions_white_stage0" },
	  { "model": "block/onions_white_stage0", "y": 90 },
	  { "model": "block/onions_white_stage0", "y": 180 },
	  { "model": "block/onions_white_stage0", "y": 270 },
	  { "model": "block/onions_white_stage0_2" },
	  { "model": "block/onions_white_stage0_2", "y": 90 },
	  { "model": "block/onions_white_stage0_2", "y": 180 },
	  { "model": "block/onions_white_stage0_2", "y": 270 }
	  ],
	"age=3": [
      { "model": "block/potatoes_stage3" },
	  { "model": "block/potatoes_stage3", "y": 90 },
	  { "model": "block/potatoes_stage3", "y": 180 },
	  { "model": "block/potatoes_stage3", "y": 270 },
	  { "model": "block/potatoes_stage3_2" },
	  { "model": "block/potatoes_stage3_2", "y": 90 },
	  { "model": "block/potatoes_stage3_2", "y": 180 },
	  { "model": "block/potatoes_stage3_2", "y": 270 }
	  ],
	 "age=2": [
      { "model": "block/potatoes_stage2" },
	  { "model": "block/potatoes_stage2", "y": 90 },
	  { "model": "block/potatoes_stage2", "y": 180 },
	  { "model": "block/potatoes_stage2", "y": 270 },
	  { "model": "block/potatoes_stage2_2" },
	  { "model": "block/potatoes_stage2_2", "y": 90 },
	  { "model": "block/potatoes_stage2_2", "y": 180 },
	  { "model": "block/potatoes_stage2_2", "y": 270 }
	  ],
	 "age=1": [
      { "model": "block/potatoes_stage1" },
	  { "model": "block/potatoes_stage1", "y": 90 },
	  { "model": "block/potatoes_stage1", "y": 180 },
	  { "model": "block/potatoes_stage1", "y": 270 },
	  { "model": "block/potatoes_stage1_2" },
	  { "model": "block/potatoes_stage1_2", "y": 90 },
	  { "model": "block/potatoes_stage1_2", "y": 180 },
	  { "model": "block/potatoes_stage1_2", "y": 270 }
	  ],
	 "age=0": [
      { "model": "block/potatoes_stage0" },
	  { "model": "block/potatoes_stage0", "y": 90 },
	  { "model": "block/potatoes_stage0", "y": 180 },
	  { "model": "block/potatoes_stage0", "y": 270 },
	  { "model": "block/potatoes_stage0_2" },
	  { "model": "block/potatoes_stage0_2", "y": 90 },
	  { "model": "block/potatoes_stage0_2", "y": 180 },
	  { "model": "block/potatoes_stage0_2", "y": 270 }
	  ]
 }
}
