{
  "variants": {
    "shape=ascending_east": {
      "model": "mcme:block/rope_2wide_diag",
      "y": 270
    },
    "shape=ascending_north": {
      "model": "mcme:block/rope_2wide_diag", "y":180
    },
    "shape=ascending_south": {
      "model": "minecraft:block/rail_raised_sw"
    },
    "shape=ascending_west": {
      "model": "minecraft:block/rail_raised_sw",
      "y": 90
    },
    "shape=east_west": {
      "model": "minecraft:block/rail",
      "y": 90
    },
    "shape=north_east": {
      "model": "minecraft:block/rope_asc_right",
      "y": 270
    },
    "shape=north_south": {
      "model": "minecraft:block/rail"
    },
    "shape=north_west": {
      "model": "minecraft:block/rope_asc_right",
      "y": 180
    },
    "shape=south_east": {
      "model": "minecraft:block/rope_asc_right"
    },
    "shape=south_west": {
      "model": "minecraft:block/rope_asc_right",
      "y": 90
    }
  }
}