{
  "variants": {
    "candles=1,lit=false": [
      {"model": "mcme:block/bones"},
      {"model": "mcme:block/bones", "y": 90},
      {"model": "mcme:block/bones", "y": 180},
      {"model": "mcme:block/bones", "y": 270},
	  {"model": "mcme:block/bones_2"},
      {"model": "mcme:block/bones_2", "y": 90},
      {"model": "mcme:block/bones_2", "y": 180},
      {"model": "mcme:block/bones_2", "y": 270}
     ],
    "candles=1,lit=true": [
      {"model": "minecraft:block/red_candle_one_candle_lit"}
    ],
    "candles=2,lit=false": [
        {"model": "mcme:block/bone_dense"},
        {"model": "mcme:block/bone_dense", "y": 90},
        {"model": "mcme:block/bone_dense", "y": 180},
        {"model": "mcme:block/bone_dense", "y": 270},
		{"model": "mcme:block/bone_dense_2"},
        {"model": "mcme:block/bone_dense_2", "y": 90},
        {"model": "mcme:block/bone_dense_2", "y": 180},
        {"model": "mcme:block/bone_dense_2", "y": 270}
    ],
    "candles=2,lit=true": {
      "model": "minecraft:block/red_candle_two_candles_lit"
    },
    "candles=3,lit=false": [
        {"model": "minecraft:block/replace"},
        {"model": "minecraft:block/replace", "y": 90},
        {"model": "minecraft:block/replace", "y": 180},
        {"model": "minecraft:block/replace", "y": 270}
    ],
    "candles=3,lit=true": {
      "model": "minecraft:block/red_candle_three_candles_lit"
    },
    "candles=4,lit=false": [
        {"model": "minecraft:block/replace"},
        {"model": "minecraft:block/replace", "y": 90},
        {"model": "minecraft:block/replace", "y": 180},
        {"model": "minecraft:block/replace", "y": 270}
    ],
    "candles=4,lit=true": {
      "model": "minecraft:block/red_candle_four_candles_lit"
    }
  }
}