{
    "variants": {
        "type=bottom": { "model": "block/red_nether_brick_slab" },
        "type=top": { "model": "block/red_nether_brick_slab_top" },
        "type=double": [
      {
        "model": "block/double_slab_nether_brick_seamless"
      },
      {
        "model": "block/double_slab_nether_brick_seamless_1"
      },
      {
        "model": "block/double_slab_nether_brick_seamless_2"
      },
      {
        "model": "block/double_slab_nether_brick_seamless_3"
      },
      {
        "model": "block/double_slab_nether_brick_seamless_4"
      },
      {
        "model": "block/double_slab_nether_brick_seamless_5"
      }
    ]
    }
}
