{
  "variants": {
    "all": [
      {
        "model": "block/double_slab_nether_brick_seamless"
      },
      {
        "model": "block/double_slab_nether_brick_seamless_1"
      },
      {
        "model": "block/double_slab_nether_brick_seamless_2"
      },
      {
        "model": "block/double_slab_nether_brick_seamless_3"
      },
      {
        "model": "block/double_slab_nether_brick_seamless_4"
      },
      {
        "model": "block/double_slab_nether_brick_seamless_5"
      }
    ],
    "": [
      {
        "model": "block/double_slab_nether_brick"
      }
    ]
  }
}
