{
  "variants": {
    "waterlogged=false,east=none,north=none,south=none,west=none,up=true": { "model": "block/unused_cross_0" },
    "waterlogged=false,east=none,north=none,south=none,west=none,up=false": { "model": "block/unused_cross_0" },
    "waterlogged=false,east=none,north=none,south=none,west=low,up=true": { "model": "block/unused_cross_0" },
    "waterlogged=false,east=none,north=none,south=none,west=low,up=false": { "model": "block/unused_cross_0" },
    "waterlogged=false,east=none,north=none,south=low,west=none,up=true": { "model": "block/unused_cross_0" },
    "waterlogged=false,east=none,north=none,south=low,west=none,up=false": { "model": "block/unused_cross_0" },
    "waterlogged=false,east=none,north=none,south=low,west=low,up=true": { "model": "block/unused_cross_0" },
    "waterlogged=false,east=none,north=none,south=low,west=low,up=false": { "model": "block/unused_cross_0" },
    "waterlogged=false,east=none,north=low,south=none,west=none,up=true": { "model": "block/unused_cross_0" },
    "waterlogged=false,east=none,north=low,south=none,west=none,up=false": { "model": "block/unused_cross_0" },
    "waterlogged=false,east=none,north=low,south=none,west=low,up=true": { "model": "block/unused_cross_0" },
    "waterlogged=false,east=none,north=low,south=none,west=low,up=false": { "model": "block/unused_cross_0" },
    "waterlogged=false,east=none,north=low,south=low,west=none,up=true": { "model": "block/unused_cross_0" },
    "waterlogged=false,east=none,north=low,south=low,west=none,up=false": { "model": "block/unused_cross_0" },
    "waterlogged=false,east=none,north=low,south=low,west=low,up=true": { "model": "block/unused_cross_0" },
    "waterlogged=false,east=none,north=low,south=low,west=low,up=false": { "model": "block/unused_cross_0" },
    "waterlogged=false,east=low,north=none,south=none,west=none,up=true": { "model": "block/unused_cross_0" },
    "waterlogged=false,east=low,north=none,south=none,west=none,up=false": { "model": "block/unused_cross_0" },
    "waterlogged=false,east=low,north=none,south=none,west=low,up=true": { "model": "block/unused_cross_0" },
    "waterlogged=false,east=low,north=none,south=none,west=low,up=false": { "model": "block/unused_cross_0" },
    "waterlogged=false,east=low,north=none,south=low,west=none,up=true": { "model": "block/unused_cross_0" },
    "waterlogged=false,east=low,north=none,south=low,west=none,up=false": { "model": "block/unused_cross_0" },
    "waterlogged=false,east=low,north=none,south=low,west=low,up=true": { "model": "block/unused_cross_0" },
    "waterlogged=false,east=low,north=none,south=low,west=low,up=false": { "model": "block/unused_cross_0" },
    "waterlogged=false,east=low,north=low,south=none,west=none,up=true": { "model": "block/unused_cross_0" },
    "waterlogged=false,east=low,north=low,south=none,west=none,up=false": { "model": "block/unused_cross_0" },
    "waterlogged=false,east=low,north=low,south=none,west=low,up=true":  { "model": "block/unused_cross_0" },
    "waterlogged=false,east=low,north=low,south=none,west=low,up=false": { "model": "block/unused_cross_0" },
    "waterlogged=false,east=low,north=low,south=low,west=none,up=true": { "model": "block/unused_cross_0" },
    "waterlogged=false,east=low,north=low,south=low,west=none,up=false": { "model": "block/unused_cross_0" },
    "waterlogged=false,east=low,north=low,south=low,west=low,up=true": { "model": "block/unused_cross_0" },
    "waterlogged=false,east=low,north=low,south=low,west=low,up=false": { "model": "block/unused_cross_0" },
    "waterlogged=true,east=none,north=none,south=none,west=none,up=true": { "model": "block/unused_cross_0" },
    "waterlogged=true,east=none,north=none,south=none,west=none,up=false": { "model": "block/unused_cross_0" },
    "waterlogged=true,east=none,north=none,south=none,west=low,up=true": { "model": "block/unused_cross_0" },
    "waterlogged=true,east=none,north=none,south=none,west=low,up=false": { "model": "block/unused_cross_0" },
    "waterlogged=true,east=none,north=none,south=low,west=none,up=true": { "model": "block/unused_cross_0" },
    "waterlogged=true,east=none,north=none,south=low,west=none,up=false": { "model": "block/unused_cross_0" },
    "waterlogged=true,east=none,north=none,south=low,west=low,up=true": { "model": "block/unused_cross_0" },
    "waterlogged=true,east=none,north=none,south=low,west=low,up=false": { "model": "block/unused_cross_0" },
    "waterlogged=true,east=none,north=low,south=none,west=none,up=true": { "model": "block/unused_cross_0" },
    "waterlogged=true,east=none,north=low,south=none,west=none,up=false": { "model": "block/unused_cross_0" },
    "waterlogged=true,east=none,north=low,south=none,west=low,up=true": { "model": "block/unused_cross_0" },
    "waterlogged=true,east=none,north=low,south=none,west=low,up=false": { "model": "block/unused_cross_0" },
    "waterlogged=true,east=none,north=low,south=low,west=none,up=true": { "model": "block/unused_cross_0" },
    "waterlogged=true,east=none,north=low,south=low,west=none,up=false": { "model": "block/unused_cross_0" },
    "waterlogged=true,east=none,north=low,south=low,west=low,up=true": { "model": "block/unused_cross_0" },
    "waterlogged=true,east=none,north=low,south=low,west=low,up=false": { "model": "block/unused_cross_0" },
    "waterlogged=true,east=low,north=none,south=none,west=none,up=true": { "model": "block/unused_cross_0" },
    "waterlogged=true,east=low,north=none,south=none,west=none,up=false": { "model": "block/unused_cross_0" },
    "waterlogged=true,east=low,north=none,south=none,west=low,up=true": { "model": "block/unused_cross_0" },
    "waterlogged=true,east=low,north=none,south=none,west=low,up=false": { "model": "block/unused_cross_0" },
    "waterlogged=true,east=low,north=none,south=low,west=none,up=true": { "model": "block/unused_cross_0" },
    "waterlogged=true,east=low,north=none,south=low,west=none,up=false": { "model": "block/unused_cross_0" },
    "waterlogged=true,east=low,north=none,south=low,west=low,up=true": { "model": "block/unused_cross_0" },
    "waterlogged=true,east=low,north=none,south=low,west=low,up=false": { "model": "block/unused_cross_0" },
    "waterlogged=true,east=low,north=low,south=none,west=none,up=true": { "model": "block/unused_cross_0" },
    "waterlogged=true,east=low,north=low,south=none,west=none,up=false": { "model": "block/unused_cross_0" },
    "waterlogged=true,east=low,north=low,south=none,west=low,up=true":  { "model": "block/unused_cross_0" },
    "waterlogged=true,east=low,north=low,south=none,west=low,up=false": { "model": "block/unused_cross_0" },
    "waterlogged=true,east=low,north=low,south=low,west=none,up=true": { "model": "block/unused_cross_0" },
    "waterlogged=true,east=low,north=low,south=low,west=none,up=false": { "model": "block/unused_cross_0" },
    "waterlogged=true,east=low,north=low,south=low,west=low,up=true": { "model": "block/unused_cross_0" },
    "waterlogged=true,east=low,north=low,south=low,west=low,up=false": { "model": "block/unused_cross_0" },
    "east=none,north=low,south=tall,west=none,up=true": [
      { "model": "block/sandstone_wall_wedge" },
      { "model": "block/sandstone_wall_wedge_2" },
      { "model": "block/sandstone_wall_wedge_3" },
      { "model": "block/sandstone_wall_wedge_4" }
    ],
    "east=none,north=tall,south=low,west=none,up=true": [
      { "model": "block/sandstone_wall_wedge", "y": 180 },
      { "model": "block/sandstone_wall_wedge_2", "y": 180 },
      { "model": "block/sandstone_wall_wedge_3", "y": 180 },
      { "model": "block/sandstone_wall_wedge_4", "y": 180 }
    ],
    "east=tall,north=none,south=none,west=low,up=true": [
      { "model": "block/sandstone_wall_wedge", "y": 270 },
      { "model": "block/sandstone_wall_wedge_2", "y": 270 },
      { "model": "block/sandstone_wall_wedge_3", "y": 270 },
      { "model": "block/sandstone_wall_wedge_4", "y": 270 }
    ],
    "east=low,north=none,south=none,west=tall,up=true": [
      { "model": "block/sandstone_wall_wedge", "y": 90 },
      { "model": "block/sandstone_wall_wedge_2", "y": 90 },
      { "model": "block/sandstone_wall_wedge_3", "y": 90 },
      { "model": "block/sandstone_wall_wedge_4", "y": 90 }
    ],
    "east=none,north=tall,south=none,west=none,up=true": [
      { "model": "block/sandstone_wall_wedge", "x": 180 },
      { "model": "block/sandstone_wall_wedge_2", "x": 180 },
      { "model": "block/sandstone_wall_wedge_3", "x": 180 },
      { "model": "block/sandstone_wall_wedge_4", "x": 180 }
    ],
    "east=none,north=none,south=tall,west=none,up=true": [
      { "model": "block/sandstone_wall_wedge", "y": 180, "x": 180 },
      { "model": "block/sandstone_wall_wedge_2", "y": 180, "x": 180 },
      { "model": "block/sandstone_wall_wedge_3", "y": 180, "x": 180 },
      { "model": "block/sandstone_wall_wedge_4", "y": 180, "x": 180 }
    ],
    "east=none,north=none,south=none,west=tall,up=true": [
      { "model": "block/sandstone_wall_wedge", "y": 270, "x": 180 },
      { "model": "block/sandstone_wall_wedge_2", "y": 270, "x": 180 },
      { "model": "block/sandstone_wall_wedge_3", "y": 270, "x": 180 },
      { "model": "block/sandstone_wall_wedge_4", "y": 270, "x": 180 }
    ],
    "east=tall,north=none,south=none,west=none,up=true": [
      { "model": "block/sandstone_wall_wedge", "y": 90, "x": 180 },
      { "model": "block/sandstone_wall_wedge_2", "y": 90, "x": 180 },
      { "model": "block/sandstone_wall_wedge_3", "y": 90, "x": 180 },
      { "model": "block/sandstone_wall_wedge_4", "y": 90, "x": 180 }
    ]
  }
}
