{
    "variants": {
        "distance=1,persistent=false": { "model": "mcme:block/horizontal_spike_small"},
        "distance=2,persistent=false": { "model": "mcme:block/horizontal_spike_small", "y": 180 },
		"distance=3,persistent=false": { "model": "mcme:block/horizontal_spike_small", "y": 270 },
		"distance=4,persistent=false": { "model": "block/crenelation_north"},
		"distance=5,persistent=false": { "model": "block/crenelation_south" },
		"distance=6,persistent=false": { "model": "block/crenelation_west" },
		"distance=7,persistent=false": { "model": "mcme:block/horizontal_spike_small", "y": 90 },
		"distance=1,persistent=true": { "model": "block/spruce_leaves" },
		"distance=2,persistent=true": { "model": "block/piston_head_sticky", "x": 90 },
		"distance=3,persistent=true": { "model": "block/piston_head_sticky", "x": 270 },
		"distance=4,persistent=true": { "model": "block/piston_head_sticky", "y":270 },
		"distance=5,persistent=true": { "model": "block/piston_head_sticky", "y": 90 },
		"distance=6,persistent=true": { "model": "block/piston_head_sticky" },
		"distance=7,persistent=true": { "model": "block/crenelation_east" }
    }
}
