{
    "variants": {
        "axis=y": { "model": "block/stripped_spruce_wood" },
        "axis=z": { "model": "block/stripped_spruce_wood", "x": 90 },
        "axis=x": [
      {
        "model": "block/brown_mushroom_block_inside_all",
        "weight": 1
      },
      {
        "model": "block/brown_mushroom_block_inside_all_1",
        "weight": 1
      },
      {
        "model": "block/brown_mushroom_block_inside_all_2",
        "weight": 1
      },
      {
        "model": "block/brown_mushroom_block_inside_all_3",
        "weight": 1
      },
      {
        "model": "block/brown_mushroom_block_inside_all_4",
        "weight": 1
      },
      {
        "model": "block/brown_mushroom_block_inside_all_5",
        "weight": 1
      },
      {
        "model": "block/brown_mushroom_block_inside_all_6",
        "weight": 1
      },
      {
        "model": "block/brown_mushroom_block_inside_all_7",
        "weight": 1
      }
    ]
    }
}
