{
    "variants": {
        "axis=y":[
		{ "model": "block/stripped_warped_stem" },
        { "model": "block/stripped_warped_stem_2" },
        { "model": "block/stripped_warped_stem_3" }
		],
		       "axis=z": [
		{ "model": "block/stripped_warped_stem", "x": 90 },
		{ "model": "block/stripped_warped_stem_2", "x": 90 },		
		{ "model": "block/stripped_warped_stem_3", "x": 90 }
		],
		       "axis=x": [    
		{ "model": "block/stripped_warped_stem", "x": 90, "y": 90 },
		{ "model": "block/stripped_warped_stem_2", "x": 90, "y": 90 },
		{ "model": "block/stripped_warped_stem_3", "x": 90, "y": 90 }
		]
	}
}
