{
  "variants": {
    "age=0": [
	{ "model": "minecraft:block/web_1x2s" },
	{ "model": "minecraft:block/web_1x2s_2" },
	{ "model": "minecraft:block/web_1x2s_3" },
	{ "model": "minecraft:block/web_1x2s_4" },
	{ "model": "minecraft:block/web_1x2s_5" }
	],
	"age=1": [
	{ "model": "minecraft:block/web_1x2s", "y":90 },
	{ "model": "minecraft:block/web_1x2s_2", "y":90 },
	{ "model": "minecraft:block/web_1x2s_3", "y":90 },
	{ "model": "minecraft:block/web_1x2s_4", "y":90 },
	{ "model": "minecraft:block/web_1x2s_5", "y":90 }
	],
	"age=2": [
	{ "model": "minecraft:block/web_1x3", "y":180 },
	{ "model": "minecraft:block/web_1x3_2", "y":180 },
	{ "model": "minecraft:block/web_1x3_3", "y":180 },
	{ "model": "minecraft:block/web_1x3_4", "y":180 },
	{ "model": "minecraft:block/web_1x3_5", "y":180 }
	],
	"age=3": [
	{ "model": "minecraft:block/web_1x3", "y":270 },
	{ "model": "minecraft:block/web_1x3_2", "y":270 },
	{ "model": "minecraft:block/web_1x3_3", "y":270 },
	{ "model": "minecraft:block/web_1x3_4", "y":270 },
	{ "model": "minecraft:block/web_1x3_5", "y":270 }
	],
	"age=4": { "model": "minecraft:block/twisting_vines_stair" },
	"age=5": { "model": "minecraft:block/twisting_vines_stair", "y":90 },
	"age=6": { "model": "minecraft:block/twisting_vines_stair", "y":180 },
	"age=7": { "model": "minecraft:block/twisting_vines_stair", "y":270 },
	"age=8": { "model": "minecraft:block/twisting_vines_stair_2" },
	"age=9": { "model": "minecraft:block/twisting_vines_stair_2", "y":90 },
	"age=10": { "model": "minecraft:block/twisting_vines_stair_2", "y":180 },
	"age=11": { "model": "minecraft:block/twisting_vines_stair_2", "y":270 },
	"age=12": [
	{ "model": "minecraft:block/web_1x1" },
	{ "model": "minecraft:block/web_1x1_2" },
	{ "model": "minecraft:block/web_1x1_3" },
	{ "model": "minecraft:block/web_1x1_4" },
	{ "model": "minecraft:block/web_1x1_5" }
	],
	"age=13": [
	{ "model": "minecraft:block/web_1x1", "y":90 },
	{ "model": "minecraft:block/web_1x1_2", "y":90 },
	{ "model": "minecraft:block/web_1x1_3", "y":90 },
	{ "model": "minecraft:block/web_1x1_4", "y":90 },
	{ "model": "minecraft:block/web_1x1_5", "y":90 }
	],
	"age=14": [
	{ "model": "minecraft:block/web_1x1", "y":180 },
	{ "model": "minecraft:block/web_1x1_2", "y":180 },
	{ "model": "minecraft:block/web_1x1_3", "y":180 },
	{ "model": "minecraft:block/web_1x1_4", "y":180 },
	{ "model": "minecraft:block/web_1x1_5", "y":180 }
	],
	"age=15": [
	{ "model": "minecraft:block/web_1x1", "y":270 },
	{ "model": "minecraft:block/web_1x1_2", "y":270 },
	{ "model": "minecraft:block/web_1x1_3", "y":270 },
	{ "model": "minecraft:block/web_1x1_4", "y":270 },
	{ "model": "minecraft:block/web_1x1_5", "y":270 }
	],
	"age=16": [
	{ "model": "minecraft:block/web_1x2" },
	{ "model": "minecraft:block/web_1x2_2" },
	{ "model": "minecraft:block/web_1x2_3" },
	{ "model": "minecraft:block/web_1x2_4" },
	{ "model": "minecraft:block/web_1x2_5" }
	],
		"age=17": [
	{ "model": "minecraft:block/web_1x2", "y":90 },
	{ "model": "minecraft:block/web_1x2_2", "y":90 },
	{ "model": "minecraft:block/web_1x2_3", "y":90 },
	{ "model": "minecraft:block/web_1x2_4", "y":90 },
	{ "model": "minecraft:block/web_1x2_5", "y":90 }
	],
		"age=18": [
	{ "model": "minecraft:block/web_1x2", "y":180 },
	{ "model": "minecraft:block/web_1x2_2", "y":180 },
	{ "model": "minecraft:block/web_1x2_3", "y":180 },
	{ "model": "minecraft:block/web_1x2_4", "y":180 },
	{ "model": "minecraft:block/web_1x2_5", "y":180 }
	],
		"age=19": [
	{ "model": "minecraft:block/web_1x2", "y":270 },
	{ "model": "minecraft:block/web_1x2_2", "y":270 },
	{ "model": "minecraft:block/web_1x2_3", "y":270 },
	{ "model": "minecraft:block/web_1x2_4", "y":270 },
	{ "model": "minecraft:block/web_1x2_5", "y":270 }
	],
		"age=20": [
	{ "model": "minecraft:block/web_2x2" },
	{ "model": "minecraft:block/web_2x2_2" },
	{ "model": "minecraft:block/web_2x2_3" },
	{ "model": "minecraft:block/web_2x2_4" },
	{ "model": "minecraft:block/web_2x2_5" }
	],
		"age=21": [
	{ "model": "minecraft:block/web_2x2", "y":90 },
	{ "model": "minecraft:block/web_2x2_2", "y":90 },
	{ "model": "minecraft:block/web_2x2_3", "y":90 },
	{ "model": "minecraft:block/web_2x2_4", "y":90 },
	{ "model": "minecraft:block/web_2x2_5", "y":90 }
	],
			"age=22": [
	{ "model": "minecraft:block/web_2x2", "y":180 },
	{ "model": "minecraft:block/web_2x2_2", "y":180 },
	{ "model": "minecraft:block/web_2x2_3", "y":180 },
	{ "model": "minecraft:block/web_2x2_4", "y":180 },
	{ "model": "minecraft:block/web_2x2_5", "y":180 }
	],
		"age=23": [
	{ "model": "minecraft:block/web_2x2", "y":270 },
	{ "model": "minecraft:block/web_2x2_2", "y":270 },
	{ "model": "minecraft:block/web_2x2_3", "y":270 },
	{ "model": "minecraft:block/web_2x2_4", "y":270 },
	{ "model": "minecraft:block/web_2x2_5", "y":270 }
	],
		"age=24": [
	{ "model": "minecraft:block/web_1x3" },
	{ "model": "minecraft:block/web_1x3_2" },
	{ "model": "minecraft:block/web_1x3_3" },
	{ "model": "minecraft:block/web_1x3_4" },
	{ "model": "minecraft:block/web_1x3_5" }
	],
		"age=25": [
	{ "model": "minecraft:block/web_1x3", "y":90 },
	{ "model": "minecraft:block/web_1x3_2", "y":90 },
	{ "model": "minecraft:block/web_1x3_3", "y":90 },
	{ "model": "minecraft:block/web_1x3_4", "y":90 },
	{ "model": "minecraft:block/web_1x3_5", "y":90 }
	]
  }
}