{
  "variants": {
    "facing=east,in_wall=false,open=false,powered=false": {
      "model": "mcme:block/blade1x2"
    },
	"facing=north,in_wall=false,open=false,powered=false": {
      "model": "mcme:block/blade1x2", "y": 90, "uvlock": true
    },
	"facing=west,in_wall=false,open=false,powered=false": {
      "model": "mcme:block/blade1x2", "y": 180, "uvlock": true
    },
	"facing=south,in_wall=false,open=false,powered=false": {
      "model": "mcme:block/blade1x2", "y": 270, "uvlock": true
    },
	"facing=east,in_wall=true,open=false,powered=false": {
      "model": "mcme:block/blade1x2_decorational"
    },
	"facing=north,in_wall=true,open=false,powered=false": {
      "model": "mcme:block/blade1x2_decorational", "y": 90, "uvlock": true
    },
	"facing=west,in_wall=true,open=false,powered=false": {
      "model": "mcme:block/blade1x2_decorational", "y": 180, "uvlock": true
    },
	"facing=south,in_wall=true,open=false,powered=false": {
      "model": "mcme:block/blade1x2_decorational", "y": 270, "uvlock": true
    },
	"facing=east,in_wall=false,open=false,powered=true": {
      "model": "mcme:block/blade1x2", "x": 180
    },
	"facing=north,in_wall=false,open=false,powered=true": {
      "model": "mcme:block/blade1x2", "x": 180, "y": 90, "uvlock": true
    },
	"facing=west,in_wall=false,open=false,powered=true": {
      "model": "mcme:block/blade1x2", "x": 180, "y": 180, "uvlock": true
    },
	"facing=south,in_wall=false,open=false,powered=true": {
      "model": "mcme:block/blade1x2", "x": 180, "y": 270, "uvlock": true
    },
	"facing=east,in_wall=true,open=false,powered=true": {
      "model": "mcme:block/blade1x2_decorational", "x": 180
    },
	"facing=north,in_wall=true,open=false,powered=true": {
      "model": "mcme:block/blade1x2_decorational", "x": 180, "y": 90, "uvlock": true
    },
	"facing=west,in_wall=true,open=false,powered=true": {
      "model": "mcme:block/blade1x2_decorational", "x": 180, "y": 180, "uvlock": true
    },
	"facing=south,in_wall=true,open=false,powered=true": {
      "model": "mcme:block/blade1x2_decorational", "x": 180, "y": 270, "uvlock": true
    },
	"facing=east,in_wall=false,open=true,powered=false": {
      "model": "mcme:block/blade2x1"
    },
	"facing=north,in_wall=false,open=true,powered=false": {
      "model": "mcme:block/blade2x1", "y": 90, "uvlock": true
    },
	"facing=west,in_wall=false,open=true,powered=false": {
      "model": "mcme:block/blade2x1", "y": 180, "uvlock": true
    },
	"facing=south,in_wall=false,open=true,powered=false": {
      "model": "mcme:block/blade2x1", "y": 270, "uvlock": true
    },
	"facing=east,in_wall=false,open=true,powered=true": {
      "model": "mcme:block/blade2x1", "x": 180
    },
	"facing=north,in_wall=false,open=true,powered=true": {
      "model": "mcme:block/blade2x1", "x": 180, "y": 90, "uvlock": true
    },
	"facing=west,in_wall=false,open=true,powered=true": {
      "model": "mcme:block/blade2x1", "x": 180, "y": 180, "uvlock": true
    },
	"facing=south,in_wall=false,open=true,powered=true": {
      "model": "mcme:block/blade2x1", "x": 180, "y": 270, "uvlock": true
    },
	"facing=east,in_wall=true,open=true,powered=false": {
      "model": "mcme:block/blade2x1_decorational"
    },
	"facing=north,in_wall=true,open=true,powered=false": {
      "model": "mcme:block/blade2x1_decorational", "y": 90, "uvlock": true
    },
	"facing=west,in_wall=true,open=true,powered=false": {
      "model": "mcme:block/blade2x1_decorational", "y": 180, "uvlock": true
    },
	"facing=south,in_wall=true,open=true,powered=false": {
      "model": "mcme:block/blade2x1_decorational", "y": 270, "uvlock": true
    },
	"facing=east,in_wall=true,open=true,powered=true": {
      "model": "mcme:block/blade2x1_decorational", "x": 180
    },
	"facing=north,in_wall=true,open=true,powered=true": {
      "model": "mcme:block/blade2x1_decorational", "x": 180, "y": 90, "uvlock": true
    },
	"facing=west,in_wall=true,open=true,powered=true": {
      "model": "mcme:block/blade2x1_decorational", "x": 180, "y": 180, "uvlock": true
    },
	"facing=south,in_wall=true,open=true,powered=true": {
      "model": "mcme:block/blade2x1_decorational", "x": 180, "y": 270, "uvlock": true
    }
  }
}