{
  "variants": {
    "": [
	{ "model": "minecraft:block/waxed_cut_copper" },
	{ "model": "minecraft:block/waxed_cut_copper", "y": 90 },
	{ "model": "minecraft:block/waxed_cut_copper", "y": 180 },
	{ "model": "minecraft:block/waxed_cut_copper", "y": 270 },
	{ "model": "minecraft:block/waxed_cut_copper_2" },
	{ "model": "minecraft:block/waxed_cut_copper_2", "y": 90  },
	{ "model": "minecraft:block/waxed_cut_copper_2", "y": 180  },
	{ "model": "minecraft:block/waxed_cut_copper_2", "y": 270  },
	{ "model": "minecraft:block/waxed_cut_copper_3" },
	{ "model": "minecraft:block/waxed_cut_copper_3", "y": 90  },
	{ "model": "minecraft:block/waxed_cut_copper_3", "y": 180  },
	{ "model": "minecraft:block/waxed_cut_copper_3", "y": 270  },
	{ "model": "minecraft:block/waxed_cut_copper_4" },
	{ "model": "minecraft:block/waxed_cut_copper_4", "y": 90  },
	{ "model": "minecraft:block/waxed_cut_copper_4", "y": 180  },
	{ "model": "minecraft:block/waxed_cut_copper_4", "y": 270  }
	]
  }
}