{
  "weathertop": {
    "sounds": [
      {
        "name": "mcme:region/hill_of_the_wind",
        "stream": true
      }
    ]
  },
  "gondor": {
    "sounds": [
      {
        "name": "mcme:region/gondor_theme",
        "stream": true
      }
    ]
  },
  "osgiliath": {
    "sounds": [
      {
        "name": "mcme:region/osgiliath_theme_tristan",
        "stream": true
      }
    ]
  },
  "rivendell": {
    "sounds": [
      {
        "name": "mcme:region/rivendell_theme",
        "stream": true
      }
    ]
  }
}
